student_code,name,age,gender,class_level,semester,study_hours,sleep_hours,screen_time,study_days,attendance,previous_marks,exam_score,passed
STU-00001,Kavya Rao,18,Female,Undergraduate,Semester 3,3.5,7.0,1.6,5,74.5,67.2,55.0,1
STU-00002,Anushka Reddy,17,Female,12th,Semester 3,6.2,6.5,2.4,7,77.0,71.1,65.9,1
STU-00003,Vivaan Rao,15,Male,10th,Semester 1,1.8,7.7,4.8,4,80.5,57.8,57.5,1
STU-00004,Advaith Das,14,Male,9th,Semester 4,4.6,6.6,2.2,7,88.5,61.4,62.1,1
STU-00005,Riya Deshmukh,18,Female,11th,Semester 2,2.6,7.9,2.7,4,71.1,55.5,53.1,1
STU-00006,Pari Bhat,17,Female,12th,Semester 2,2.5,5.7,4.2,4,74.3,56.5,48.1,0
STU-00007,Avani Joshi,15,Female,9th,Semester 1,1.6,6.0,2.3,3,86.1,59.2,58.1,1
STU-00008,Dhruv Malhotra,16,Male,11th,Semester 3,1.1,6.4,3.5,2,94.6,63.0,64.3,1
STU-00009,Pranav Singh,14,Male,9th,Semester 3,2.1,6.6,1.0,4,62.7,69.9,69.8,1
STU-00010,Saanvi Singh,17,Female,11th,Semester 4,1.9,6.3,2.8,3,91.5,60.6,56.6,1
STU-00011,Anushka Kapoor,15,Female,9th,Semester 4,1.4,6.2,9.9,3,67.5,41.8,26.5,0
STU-00012,Kabir Deshmukh,16,Male,11th,Semester 4,3.6,7.2,2.8,6,89.9,72.4,75.8,1
STU-00013,Aarav Bose,14,Male,10th,Semester 1,7.9,6.6,7.2,7,79.3,72.4,70.6,1
STU-00014,Arjun Reddy,16,Male,12th,Semester 4,3.1,5.7,1.6,5,84.5,70.7,58.5,1
STU-00015,Vihaan Nair,16,Male,12th,Semester 4,2.9,6.8,3.6,5,48.0,43.0,39.2,0
STU-00016,Aditya Iyer,16,Male,9th,Semester 3,2.0,4.6,2.7,3,60.1,39.7,28.4,0
STU-00017,Muhammad Gupta,18,Male,12th,Semester 4,12.0,6.6,3.8,7,72.5,89.4,82.9,1
STU-00018,Sai Malhotra,14,Male,9th,Semester 4,4.2,7.2,3.8,6,76.0,84.1,81.5,1
STU-00019,Anushka Bhat,14,Female,9th,Semester 2,3.7,8.3,3.6,6,93.9,72.0,68.0,1
STU-00020,Aadhya Malhotra,16,Female,11th,Semester 2,7.0,6.7,3.4,7,73.0,62.9,71.4,1
STU-00021,Krishna Joshi,16,Male,12th,Semester 2,6.5,8.9,6.2,7,85.7,67.8,71.3,1
STU-00022,Rohan Chouhan,21,Male,Undergraduate,Semester 4,6.1,9.0,4.8,7,85.7,77.9,67.6,1
STU-00023,Aadhya Gupta,16,Female,11th,Semester 1,3.9,7.7,0.5,7,75.3,78.4,68.8,1
STU-00024,Dhruv Bose,18,Male,12th,Semester 3,3.7,7.3,1.6,5,65.4,60.8,64.3,1
STU-00025,Anushka Bose,17,Female,12th,Semester 2,3.2,7.9,5.1,5,56.6,51.9,53.5,1
STU-00026,Khushi Bhat,16,Female,11th,Semester 2,4.1,7.3,3.1,6,81.1,68.7,67.8,1
STU-00027,Krishna Singh,18,Male,12th,Semester 1,2.5,6.7,2.8,5,97.4,73.8,64.8,1
STU-00028,Avani Das,21,Female,Undergraduate,Semester 2,1.9,6.9,6.8,3,92.3,55.9,55.6,1
STU-00029,Sara Iyer,14,Other,9th,Semester 3,4.2,5.0,5.4,7,65.2,60.0,52.3,1
STU-00030,Ananya Deshmukh,16,Female,11th,Semester 3,2.6,7.4,2.8,5,88.2,72.7,60.2,1
STU-00031,Diya Iyer,16,Female,11th,Semester 2,1.0,5.8,2.2,2,82.2,56.1,50.1,1
STU-00032,Ishaan Gupta,18,Male,11th,Semester 1,3.2,7.2,7.0,5,85.0,62.7,50.8,1
STU-00033,Saanvi Patel,16,Female,9th,Semester 4,4.0,7.5,2.4,6,93.8,79.2,69.0,1
STU-00034,Aaryan Nair,19,Male,Undergraduate,Semester 1,4.1,7.5,0.8,7,70.4,71.0,59.4,1
STU-00035,Anushka Banerjee,16,Female,11th,Semester 4,6.6,8.5,2.2,7,85.6,75.9,76.7,1
STU-00036,Dhruv Kumar,16,Male,11th,Semester 4,0.5,5.1,1.6,3,80.9,49.7,47.4,0
STU-00037,Dev Das,17,Male,11th,Semester 4,9.1,6.7,1.7,7,68.4,76.3,81.4,1
STU-00038,Arnav Gupta,18,Male,Undergraduate,Semester 3,3.6,6.9,3.6,5,63.9,56.0,54.7,1
STU-00039,Anika Banerjee,17,Female,12th,Semester 4,4.8,5.7,1.6,7,42.9,53.6,37.7,0
STU-00040,Anand Nair,18,Male,11th,Semester 4,3.7,7.6,2.0,6,67.7,65.2,49.5,0
STU-00041,Arnav Patel,18,Male,12th,Semester 3,4.2,5.6,4.8,7,86.7,62.8,62.3,1
STU-00042,Reyansh Malhotra,18,Male,12th,Semester 2,0.5,9.8,2.3,2,80.4,59.5,50.5,1
STU-00043,Myra Mishra,21,Female,Undergraduate,Semester 2,2.6,7.7,0.7,4,72.2,66.0,59.1,1
STU-00044,Siddharth Banerjee,15,Male,10th,Semester 2,0.9,6.0,2.4,2,57.2,30.0,35.6,0
STU-00045,Saanvi Reddy,14,Female,10th,Semester 2,3.9,7.4,4.0,7,70.0,57.6,54.1,1
STU-00046,Tanvi Mehta,16,Female,12th,Semester 2,3.9,8.0,0.5,7,87.3,71.4,72.8,1
STU-00047,Rohan Patel,16,Male,10th,Semester 1,1.6,7.6,2.6,3,84.0,51.8,43.7,0
STU-00048,Aarav Deshmukh,21,Male,Undergraduate,Semester 3,6.0,5.4,1.5,7,92.7,84.0,76.4,1
STU-00049,Sai Singh,18,Male,Undergraduate,Semester 1,5.0,5.2,0.5,7,70.8,82.7,69.3,1
STU-00050,Riya Banerjee,16,Female,10th,Semester 1,1.6,9.0,6.0,4,79.8,58.0,51.6,1
STU-00051,Rohan Sharma,15,Male,10th,Semester 1,2.2,8.8,8.2,4,84.8,57.1,46.9,0
STU-00052,Tanvi Reddy,14,Other,9th,Semester 3,5.3,7.3,3.1,7,82.9,75.6,73.5,1
STU-00053,Ananya Sharma,16,Female,11th,Semester 1,5.7,6.1,1.3,7,87.6,75.8,72.9,1
STU-00054,Advaith Sharma,18,Male,11th,Semester 2,2.1,6.6,3.6,4,49.0,48.8,34.7,0
STU-00055,Siddharth Malhotra,21,Male,Undergraduate,Semester 2,3.0,4.1,3.9,5,88.3,75.0,71.0,1
STU-00056,Aditya Kumar,16,Male,10th,Semester 4,3.0,7.4,11.0,6,80.1,57.4,44.7,0
STU-00057,Dhruv Singh,14,Male,9th,Semester 3,1.6,6.9,3.2,3,78.7,59.2,47.4,0
STU-00058,Ananya Gupta,17,Female,11th,Semester 4,3.2,6.9,3.0,5,94.3,71.4,73.5,1
STU-00059,Myra Patel,21,Female,Undergraduate,Semester 3,2.2,7.0,2.4,4,92.7,66.9,61.1,1
STU-00060,Advik Chouhan,16,Male,9th,Semester 1,1.3,5.8,1.7,4,71.4,65.6,53.8,1
STU-00061,Sai Gupta,14,Male,9th,Semester 4,3.4,6.8,8.8,5,78.4,63.2,59.5,1
STU-00062,Shaurya Joshi,15,Male,10th,Semester 1,5.4,7.2,5.3,7,89.2,51.1,62.7,1
STU-00063,Angel Rao,16,Female,9th,Semester 4,1.4,8.5,2.1,3,80.9,58.3,51.8,1
STU-00064,Isha Reddy,14,Other,9th,Semester 2,3.3,6.9,3.5,5,55.5,43.6,46.8,0
STU-00065,Isha Mehta,14,Female,9th,Semester 3,4.0,5.5,3.8,6,65.9,72.2,65.8,1
STU-00066,Anand Choudhury,17,Male,12th,Semester 3,3.5,6.9,1.8,6,79.7,63.8,64.3,1
STU-00067,Siddharth Mehta,14,Male,10th,Semester 4,0.9,5.9,3.1,3,79.9,59.8,38.4,0
STU-00068,Aaradhya Chouhan,15,Female,10th,Semester 2,5.7,7.2,2.1,7,62.1,72.3,68.8,1
STU-00069,Rohan Deshmukh,17,Male,11th,Semester 3,1.9,6.4,4.3,4,68.5,43.0,50.8,1
STU-00070,Priyanka Iyer,14,Female,10th,Semester 2,2.9,6.5,6.0,5,73.7,55.1,47.8,0
STU-00071,Aditya Joshi,19,Male,Undergraduate,Semester 1,3.7,10.0,2.0,6,78.2,63.4,49.0,0
STU-00072,Aanya Chouhan,16,Female,11th,Semester 3,3.2,7.2,2.9,6,67.6,63.2,59.5,1
STU-00073,Tanvi Joshi,18,Female,12th,Semester 4,1.9,7.9,7.2,3,77.4,49.3,45.8,0
STU-00074,Ishaan Nair,14,Male,9th,Semester 1,2.8,6.7,8.3,4,88.9,53.1,55.9,1
STU-00075,Atharv Malhotra,14,Male,10th,Semester 4,3.0,8.9,0.5,6,74.0,71.5,64.7,1
STU-00076,Reyansh Malhotra,16,Male,9th,Semester 4,4.8,7.0,7.2,7,74.6,50.3,45.4,0
STU-00077,Diya Das,17,Female,12th,Semester 1,2.5,4.9,2.8,4,64.1,58.1,39.9,0
STU-00078,Tanvi Iyer,16,Female,9th,Semester 2,1.2,7.4,4.5,2,89.4,71.7,71.0,1
STU-00079,Sai Kulkarni,16,Male,10th,Semester 1,1.2,7.5,2.8,2,42.7,48.3,35.7,0
STU-00080,Navya Sharma,16,Female,9th,Semester 4,0.8,5.7,6.7,2,78.5,52.8,45.1,0
STU-00081,Aadhya Chouhan,18,Female,12th,Semester 1,1.5,7.1,3.8,3,64.3,43.3,51.6,1
STU-00082,Vihaan Rao,17,Male,12th,Semester 2,0.8,5.3,5.5,3,84.3,58.7,46.5,0
STU-00083,Sai Singh,18,Male,12th,Semester 2,5.0,6.9,2.8,7,65.1,61.7,61.1,1
STU-00084,Anushka Banerjee,14,Female,9th,Semester 4,4.0,8.3,0.5,7,81.6,70.7,75.5,1
STU-00085,Aanya Reddy,15,Female,9th,Semester 4,0.6,7.9,0.8,3,96.5,69.8,58.8,1
STU-00086,Ayaan Malhotra,17,Other,11th,Semester 4,2.6,7.9,1.8,4,85.3,55.1,62.6,1
STU-00087,Pranav Kulkarni,16,Male,10th,Semester 3,3.7,7.3,0.8,6,48.5,59.0,60.8,1
STU-00088,Arjun Chouhan,21,Male,Undergraduate,Semester 4,1.9,7.5,2.1,4,94.3,65.5,60.5,1
STU-00089,Tanvi Das,14,Female,9th,Semester 1,8.6,6.6,2.1,7,95.3,87.4,89.2,1
STU-00090,Diya Kumar,18,Female,Undergraduate,Semester 1,1.1,7.4,0.8,3,80.1,70.0,64.3,1
STU-00091,Krishna Rao,14,Male,10th,Semester 2,3.4,5.8,3.8,5,82.8,77.4,67.8,1
STU-00092,Anushka Kulkarni,22,Female,Undergraduate,Semester 1,2.6,6.5,2.0,4,81.6,60.8,68.6,1
STU-00093,Avani Bose,14,Female,10th,Semester 1,9.9,8.1,3.1,7,80.2,92.9,94.2,1
STU-00094,Isha Choudhury,18,Female,Undergraduate,Semester 4,1.8,7.3,2.9,3,40.0,45.5,30.0,0
STU-00095,Aaryan Iyer,15,Male,9th,Semester 4,7.2,6.3,2.4,7,78.9,78.8,84.6,1
STU-00096,Kavya Kapoor,21,Female,Undergraduate,Semester 3,4.2,7.0,1.1,6,66.6,64.6,46.4,0
STU-00097,Meera Reddy,14,Female,9th,Semester 4,2.5,7.5,4.3,5,74.3,59.3,55.7,1
STU-00098,Dhruv Joshi,16,Male,11th,Semester 4,2.6,7.4,1.2,5,80.5,66.8,59.0,1
STU-00099,Aaryan Gupta,16,Male,12th,Semester 2,3.5,7.6,5.3,6,64.4,41.5,38.1,0
STU-00100,Pari Rao,22,Female,Undergraduate,Semester 3,5.8,6.8,0.5,7,71.4,87.2,68.2,1
STU-00101,Aanya Das,21,Female,Undergraduate,Semester 4,2.7,7.3,2.8,5,55.1,41.3,38.5,0
STU-00102,Anushka Kapoor,20,Female,Undergraduate,Semester 1,2.0,7.9,2.7,4,92.4,60.5,52.4,1
STU-00103,Aarav Bhat,18,Male,11th,Semester 2,2.8,7.0,0.9,5,81.8,65.1,62.7,1
STU-00104,Aarav Singh,17,Male,12th,Semester 1,5.4,6.5,1.0,7,73.9,74.2,68.4,1
STU-00105,Anand Malhotra,18,Male,12th,Semester 1,6.4,6.7,6.8,7,74.8,66.8,62.6,1
STU-00106,Tara Nair,15,Female,10th,Semester 2,3.9,7.6,3.1,7,73.9,74.7,67.1,1
STU-00107,Isha Mehta,17,Female,11th,Semester 4,3.2,8.2,0.7,5,71.9,60.7,59.3,1
STU-00108,Siddharth Mehta,17,Male,11th,Semester 3,2.9,6.4,6.5,5,94.2,50.8,55.9,1
STU-00109,Aaradhya Banerjee,15,Female,10th,Semester 3,2.0,7.0,3.7,4,59.0,38.7,45.5,0
STU-00110,Diya Bose,16,Female,9th,Semester 2,1.6,8.4,1.9,3,78.3,55.3,42.0,0
STU-00111,Pari Kapoor,19,Female,Undergraduate,Semester 1,4.1,9.6,0.7,6,98.1,90.9,73.0,1
STU-00112,Priyanka Mehta,19,Female,Undergraduate,Semester 4,0.5,6.9,1.4,3,67.1,58.8,39.0,0
STU-00113,Vivaan Banerjee,14,Male,9th,Semester 1,1.7,7.1,3.1,3,85.0,50.7,50.8,1
STU-00114,Kavya Kapoor,14,Female,9th,Semester 4,4.3,7.7,1.7,6,70.7,61.4,55.8,1
STU-00115,Pari Reddy,16,Female,11th,Semester 3,10.0,7.1,1.2,7,74.3,93.8,83.4,1
STU-00116,Pooja Kapoor,19,Female,Undergraduate,Semester 2,3.3,8.9,6.0,6,86.3,67.7,58.6,1
STU-00117,Shaurya Bose,17,Male,11th,Semester 2,5.9,7.3,5.6,7,96.9,73.7,72.4,1
STU-00118,Saanvi Banerjee,16,Female,12th,Semester 1,2.6,7.1,0.5,4,97.1,72.1,67.4,1
STU-00119,Tanvi Banerjee,18,Female,Undergraduate,Semester 3,2.7,7.8,6.3,5,86.0,59.8,48.4,0
STU-00120,Tara Verma,17,Female,11th,Semester 3,2.7,6.0,2.0,5,95.0,69.7,57.0,1
STU-00121,Anand Mehta,14,Male,9th,Semester 3,2.6,7.5,1.8,4,74.4,71.0,66.0,1
STU-00122,Khushi Patel,14,Female,9th,Semester 3,2.5,8.0,2.0,5,94.3,81.1,76.9,1
STU-00123,Aaryan Verma,15,Male,10th,Semester 3,3.4,7.3,1.3,6,90.6,56.1,58.9,1
STU-00124,Kabir Chouhan,17,Male,11th,Semester 1,1.5,8.2,4.5,3,83.1,53.5,52.9,1
STU-00125,Ananya Deshmukh,14,Female,9th,Semester 4,6.1,6.3,5.7,7,95.2,75.5,65.4,1
STU-00126,Meera Patel,16,Female,10th,Semester 4,0.9,6.1,6.6,2,95.4,50.8,39.2,0
STU-00127,Aditya Kulkarni,20,Male,Undergraduate,Semester 1,0.8,6.0,1.6,3,88.4,53.6,54.6,1
STU-00128,Tanvi Gupta,15,Female,9th,Semester 2,2.1,6.7,1.8,5,86.2,62.5,55.7,1
STU-00129,Advaith Iyer,14,Male,10th,Semester 3,0.7,8.7,4.2,3,88.9,58.1,47.4,0
STU-00130,Kabir Malhotra,16,Male,12th,Semester 4,3.7,7.1,3.9,6,49.9,47.4,48.2,0
STU-00131,Kabir Mehta,18,Male,Undergraduate,Semester 1,1.5,7.7,1.1,3,77.9,55.1,54.7,1
STU-00132,Sara Malhotra,20,Female,Undergraduate,Semester 4,3.1,5.4,4.4,5,64.4,59.6,47.4,0
STU-00133,Atharv Kumar,17,Male,12th,Semester 1,1.6,8.0,4.6,3,58.1,47.7,35.3,0
STU-00134,Ishaan Deshmukh,15,Male,9th,Semester 4,4.0,6.5,0.6,6,45.7,59.0,47.5,0
STU-00135,Krishna Iyer,14,Male,9th,Semester 4,2.8,5.5,0.5,5,76.5,49.6,43.9,0
STU-00136,Aarav Chouhan,14,Male,10th,Semester 2,5.7,6.9,2.2,7,75.2,77.5,70.9,1
STU-00137,Tanvi Mehta,20,Female,Undergraduate,Semester 1,7.3,5.1,1.8,7,89.3,85.0,80.5,1
STU-00138,Dhruv Kulkarni,15,Male,10th,Semester 4,2.7,7.1,3.5,4,90.9,65.4,63.3,1
STU-00139,Advik Chouhan,17,Male,11th,Semester 4,3.4,6.6,3.8,5,77.6,61.6,56.0,1
STU-00140,Vihaan Joshi,17,Male,12th,Semester 2,1.7,6.6,3.3,3,93.3,67.5,62.1,1
STU-00141,Angel Malhotra,17,Female,11th,Semester 1,4.5,7.7,4.5,7,76.1,56.9,57.0,1
STU-00142,Aditya Deshmukh,16,Male,10th,Semester 2,4.3,6.6,9.8,7,91.3,61.0,50.7,1
STU-00143,Rohan Deshmukh,16,Male,10th,Semester 1,1.6,7.2,0.6,3,85.2,64.4,60.9,1
STU-00144,Kavya Reddy,20,Female,Undergraduate,Semester 4,4.6,7.9,5.5,7,88.0,67.4,60.9,1
STU-00145,Avani Iyer,17,Female,11th,Semester 4,1.9,7.3,3.4,3,92.2,74.5,59.6,1
STU-00146,Rohan Nair,18,Male,12th,Semester 1,2.6,6.1,1.0,4,95.9,70.6,70.2,1
STU-00147,Navya Kapoor,16,Female,11th,Semester 2,5.7,7.4,3.6,7,54.5,64.7,64.4,1
STU-00148,Siddharth Patel,18,Male,11th,Semester 3,4.1,7.7,5.3,7,40.0,33.5,43.0,0
STU-00149,Sai Das,16,Male,9th,Semester 2,4.0,9.5,5.5,6,89.6,73.1,77.0,1
STU-00150,Ananya Verma,14,Female,9th,Semester 4,1.8,6.5,3.9,3,76.7,61.9,54.9,1
STU-00151,Aditya Choudhury,18,Male,12th,Semester 3,2.7,9.5,2.5,4,99.1,54.8,65.3,1
STU-00152,Sai Rao,21,Male,Undergraduate,Semester 1,3.7,6.5,3.2,5,75.1,61.9,46.5,0
STU-00153,Sai Chouhan,22,Male,Undergraduate,Semester 2,2.0,7.8,4.6,4,98.1,66.6,68.7,1
STU-00154,Tanvi Deshmukh,21,Female,Undergraduate,Semester 2,4.2,8.6,6.0,6,88.4,65.3,69.3,1
STU-00155,Anushka Malhotra,14,Female,9th,Semester 3,3.3,6.7,5.0,5,96.3,75.4,66.7,1
STU-00156,Pranav Nair,14,Other,10th,Semester 3,1.8,6.5,2.7,4,71.7,51.0,42.6,0
STU-00157,Aditya Reddy,18,Male,11th,Semester 4,2.3,8.7,0.7,5,91.7,52.4,44.3,0
STU-00158,Tara Reddy,15,Female,9th,Semester 4,6.0,6.4,3.0,7,83.8,73.3,65.6,1
STU-00159,Dev Chouhan,18,Male,Undergraduate,Semester 2,5.6,7.1,4.4,7,88.0,78.6,78.3,1
STU-00160,Reyansh Das,18,Male,Undergraduate,Semester 3,2.5,8.1,2.0,5,85.5,56.6,52.3,1
STU-00161,Arnav Singh,18,Male,11th,Semester 2,3.2,6.5,3.8,6,77.6,59.6,66.3,1
STU-00162,Tara Kumar,16,Female,10th,Semester 2,3.0,7.9,6.9,5,71.1,59.0,45.4,0
STU-00163,Pari Nair,18,Female,12th,Semester 4,2.2,7.6,3.6,5,69.6,61.5,52.2,1
STU-00164,Aarav Malhotra,16,Male,12th,Semester 1,3.4,7.0,7.1,6,40.0,46.1,34.7,0
STU-00165,Angel Verma,15,Female,10th,Semester 1,2.5,6.4,6.1,5,67.4,40.2,42.9,0
STU-00166,Tanvi Chouhan,18,Female,11th,Semester 4,5.0,6.5,2.4,7,91.1,72.3,58.6,1
STU-00167,Aadhya Reddy,16,Female,11th,Semester 1,6.9,7.4,3.1,7,83.8,65.4,74.3,1
STU-00168,Reyansh Banerjee,16,Male,11th,Semester 4,3.1,6.1,1.4,6,77.0,66.9,60.7,1
STU-00169,Kabir Choudhury,18,Male,12th,Semester 4,4.6,9.4,4.1,7,69.7,70.1,57.3,1
STU-00170,Meera Kulkarni,15,Female,10th,Semester 3,1.7,6.8,5.1,3,76.3,40.8,38.9,0
STU-00171,Aadhya Rao,18,Female,12th,Semester 3,2.0,8.7,3.5,4,93.0,64.6,53.8,1
STU-00172,Muhammad Verma,22,Male,Undergraduate,Semester 2,4.7,6.6,2.6,7,77.2,61.7,69.1,1
STU-00173,Navya Gupta,15,Female,9th,Semester 3,10.6,4.9,6.5,7,88.0,90.7,78.6,1
STU-00174,Shaurya Bhat,16,Male,12th,Semester 4,3.4,6.7,3.0,6,88.3,66.0,64.9,1
STU-00175,Aadhya Chouhan,14,Female,9th,Semester 4,6.3,8.1,1.8,7,43.9,53.0,47.2,0
STU-00176,Ananya Bhat,21,Female,Undergraduate,Semester 3,4.3,7.4,1.6,7,53.0,57.6,55.2,1
STU-00177,Atharv Singh,16,Other,12th,Semester 4,4.8,5.7,2.8,7,92.0,83.4,63.5,1
STU-00178,Anika Gupta,18,Female,11th,Semester 3,2.9,5.6,1.2,5,88.2,62.0,56.6,1
STU-00179,Aarav Nair,15,Other,9th,Semester 3,1.8,8.1,6.1,4,90.7,55.7,42.7,0
STU-00180,Vihaan Kapoor,17,Male,11th,Semester 1,3.9,8.0,1.8,7,83.5,56.6,69.0,1
STU-00181,Atharv Rao,21,Male,Undergraduate,Semester 3,2.7,6.5,11.0,4,64.0,47.1,39.2,0
STU-00182,Dhruv Verma,16,Male,10th,Semester 3,2.2,8.6,2.8,4,66.8,53.4,51.0,1
STU-00183,Ayaan Bhat,16,Male,9th,Semester 2,1.6,7.1,8.2,3,75.0,44.6,38.7,0
STU-00184,Aarav Kumar,16,Male,11th,Semester 2,5.2,7.3,4.7,7,55.5,46.7,63.8,1
STU-00185,Ayaan Banerjee,16,Male,10th,Semester 3,4.3,7.6,3.5,6,71.1,58.6,52.8,1
STU-00186,Ayaan Nair,17,Male,12th,Semester 1,2.9,8.5,3.6,4,86.4,58.1,49.3,0
STU-00187,Diya Chouhan,15,Female,10th,Semester 3,1.3,8.7,3.2,4,95.8,47.4,43.7,0
STU-00188,Sara Banerjee,14,Female,10th,Semester 3,5.3,8.3,3.0,7,87.0,68.1,70.6,1
STU-00189,Sai Gupta,18,Male,Undergraduate,Semester 4,2.1,8.1,3.2,4,61.3,49.2,45.4,0
STU-00190,Navya Bose,17,Female,12th,Semester 1,2.3,7.0,0.5,5,71.0,67.1,52.2,1
STU-00191,Arjun Iyer,18,Male,12th,Semester 4,5.3,7.3,1.0,7,72.7,52.0,48.9,0
STU-00192,Reyansh Bhat,18,Male,11th,Semester 3,6.4,6.7,2.8,7,80.8,67.3,73.2,1
STU-00193,Ayaan Bhat,17,Male,12th,Semester 2,1.6,7.1,3.4,3,88.2,49.6,59.7,1
STU-00194,Avani Malhotra,15,Female,9th,Semester 2,3.1,6.4,3.3,5,82.9,63.4,67.4,1
STU-00195,Saanvi Mishra,18,Female,11th,Semester 2,6.9,8.7,3.5,7,62.6,63.6,56.4,1
STU-00196,Myra Verma,15,Female,9th,Semester 3,4.7,5.3,2.5,7,67.3,81.1,62.2,1
STU-00197,Tara Kapoor,16,Female,10th,Semester 1,2.1,7.4,7.3,4,85.5,46.1,41.0,0
STU-00198,Aadhya Reddy,17,Female,12th,Semester 3,4.0,7.5,3.3,6,55.0,49.8,47.0,0
STU-00199,Anand Reddy,16,Male,9th,Semester 2,5.3,8.1,1.5,7,82.8,69.7,66.4,1
STU-00200,Aaradhya Nair,21,Female,Undergraduate,Semester 3,2.7,7.3,4.0,4,70.7,62.1,62.5,1
STU-00201,Arnav Sharma,16,Male,11th,Semester 2,5.7,5.8,3.5,7,92.1,83.3,82.3,1
STU-00202,Sneha Gupta,14,Female,10th,Semester 3,1.5,6.3,1.4,3,84.9,67.4,57.5,1
STU-00203,Tara Singh,16,Female,9th,Semester 1,7.5,7.3,4.9,7,69.0,76.3,74.9,1
STU-00204,Aarav Chouhan,18,Male,12th,Semester 2,2.0,7.7,1.9,4,89.7,72.5,66.4,1
STU-00205,Pooja Singh,16,Female,12th,Semester 2,2.8,6.6,3.9,4,85.9,66.2,59.8,1
STU-00206,Dhruv Singh,15,Male,9th,Semester 1,1.1,6.9,4.3,3,80.0,50.1,42.6,0
STU-00207,Siddharth Deshmukh,14,Male,10th,Semester 4,3.3,5.1,5.2,6,95.2,70.8,65.3,1
STU-00208,Ishaan Singh,16,Male,9th,Semester 1,1.2,6.1,3.2,2,92.9,68.7,56.2,1
STU-00209,Ananya Nair,16,Female,11th,Semester 2,4.1,7.5,3.7,6,71.1,69.4,65.3,1
STU-00210,Ananya Malhotra,17,Female,11th,Semester 1,6.9,5.2,0.6,7,76.8,69.9,71.0,1
STU-00211,Arjun Sharma,16,Male,11th,Semester 1,5.2,7.6,5.9,7,83.9,69.7,68.4,1
STU-00212,Aanya Singh,18,Female,11th,Semester 1,3.6,7.0,1.0,6,85.7,64.2,60.6,1
STU-00213,Tara Reddy,16,Female,11th,Semester 2,2.3,4.0,3.0,5,87.2,50.0,41.9,0
STU-00214,Kabir Kumar,15,Male,10th,Semester 3,8.0,6.4,6.6,7,73.5,65.3,64.0,1
STU-00215,Arnav Rao,20,Male,Undergraduate,Semester 1,4.6,6.9,2.2,7,80.5,73.6,70.0,1
STU-00216,Siddharth Deshmukh,18,Male,11th,Semester 4,4.6,7.2,5.9,7,63.5,46.4,46.5,0
STU-00217,Khushi Verma,20,Female,Undergraduate,Semester 3,4.5,6.3,2.5,7,62.4,60.2,58.0,1
STU-00218,Shaurya Rao,17,Male,12th,Semester 3,7.8,5.4,2.6,7,90.6,87.6,86.2,1
STU-00219,Ananya Deshmukh,20,Female,Undergraduate,Semester 1,6.4,5.9,3.4,7,75.3,72.6,66.8,1
STU-00220,Avani Malhotra,16,Female,10th,Semester 4,1.1,7.0,1.9,3,81.8,61.0,63.8,1
STU-00221,Angel Sharma,16,Female,10th,Semester 4,2.3,6.4,1.3,5,62.7,54.4,37.2,0
STU-00222,Myra Singh,18,Female,11th,Semester 2,5.7,5.6,4.7,7,70.7,55.4,56.0,1
STU-00223,Isha Iyer,15,Female,9th,Semester 4,1.5,7.1,5.4,4,65.9,68.2,52.8,1
STU-00224,Riya Rao,19,Female,Undergraduate,Semester 3,2.6,5.6,4.3,5,55.3,50.1,42.7,0
STU-00225,Advaith Patel,15,Male,9th,Semester 4,5.5,7.0,0.8,7,91.6,73.1,71.5,1
STU-00226,Pooja Deshmukh,16,Female,10th,Semester 1,1.2,9.3,6.8,2,96.8,65.4,55.4,1
STU-00227,Isha Bose,17,Female,12th,Semester 3,6.0,6.5,5.3,7,76.6,69.3,63.7,1
STU-00228,Kabir Choudhury,15,Male,10th,Semester 3,6.9,8.1,5.8,7,67.4,59.1,61.2,1
STU-00229,Aaryan Kapoor,15,Male,10th,Semester 4,1.6,5.5,1.9,4,82.9,60.5,52.3,1
STU-00230,Rohan Rao,16,Male,9th,Semester 3,1.0,8.7,3.9,2,42.7,48.9,37.9,0
STU-00231,Muhammad Banerjee,16,Male,12th,Semester 2,5.2,7.2,3.8,7,56.0,54.6,57.7,1
STU-00232,Pooja Mehta,18,Female,Undergraduate,Semester 1,5.4,6.8,4.0,7,72.3,65.6,71.2,1
STU-00233,Tanvi Reddy,16,Female,10th,Semester 2,5.2,7.9,3.8,7,70.9,69.8,57.6,1
STU-00234,Siddharth Mehta,14,Male,9th,Semester 4,3.8,5.9,3.5,6,56.7,58.9,48.5,0
STU-00235,Saanvi Singh,18,Female,11th,Semester 2,6.8,9.7,1.0,7,67.2,73.9,70.1,1
STU-00236,Ayaan Chouhan,14,Male,9th,Semester 1,3.5,7.9,6.2,5,78.1,53.0,57.3,1
STU-00237,Anushka Banerjee,18,Female,12th,Semester 4,6.3,7.8,6.2,7,82.2,72.3,60.9,1
STU-00238,Pranav Deshmukh,18,Male,12th,Semester 3,2.7,8.6,2.3,5,77.1,66.9,61.2,1
STU-00239,Tara Nair,14,Female,9th,Semester 3,3.2,7.4,2.2,6,84.6,67.7,65.9,1
STU-00240,Isha Gupta,18,Female,Undergraduate,Semester 2,8.8,7.7,1.8,7,73.6,75.2,79.2,1
STU-00241,Sara Mishra,17,Female,11th,Semester 3,4.8,4.9,1.0,7,88.7,75.4,62.4,1
STU-00242,Anushka Sharma,14,Female,10th,Semester 1,2.9,6.8,2.5,4,82.8,58.5,61.3,1
STU-00243,Vivaan Singh,18,Male,12th,Semester 3,4.8,8.0,2.8,7,80.8,74.8,84.3,1
STU-00244,Aanya Bhat,17,Female,11th,Semester 3,7.3,6.5,0.8,7,40.0,53.7,58.9,1
STU-00245,Aaryan Kulkarni,16,Male,9th,Semester 4,2.9,6.7,2.1,4,73.4,58.3,58.3,1
STU-00246,Anand Bose,15,Male,10th,Semester 2,5.4,8.0,4.9,7,60.3,54.1,49.1,0
STU-00247,Saanvi Gupta,18,Female,12th,Semester 2,0.8,8.5,2.4,2,54.5,51.1,31.9,0
STU-00248,Anushka Gupta,18,Female,Undergraduate,Semester 1,5.1,6.6,1.7,7,99.3,81.1,76.0,1
STU-00249,Krishna Singh,18,Male,12th,Semester 3,2.7,6.5,1.8,5,78.1,62.5,55.2,1
STU-00250,Atharv Bhat,17,Male,11th,Semester 2,3.7,5.9,9.9,6,70.3,50.3,38.2,0
STU-00251,Tanvi Chouhan,18,Female,11th,Semester 1,8.4,4.4,2.8,7,84.5,81.6,77.7,1
STU-00252,Aditya Kapoor,18,Male,Undergraduate,Semester 4,4.0,7.8,1.2,6,78.7,68.8,58.1,1
STU-00253,Dev Mehta,15,Male,9th,Semester 2,2.5,7.4,1.1,5,74.2,62.2,50.8,1
STU-00254,Isha Joshi,16,Female,11th,Semester 1,1.2,5.8,4.5,3,66.1,38.2,35.4,0
STU-00255,Rohan Rao,14,Male,10th,Semester 1,1.6,8.5,11.0,4,65.0,41.6,30.6,0
STU-00256,Ananya Deshmukh,16,Female,11th,Semester 2,3.2,7.9,0.9,6,63.3,67.9,59.0,1
STU-00257,Avani Nair,19,Female,Undergraduate,Semester 3,7.1,6.7,1.6,7,97.1,86.0,79.3,1
STU-00258,Rohan Deshmukh,14,Male,10th,Semester 2,5.6,6.2,5.5,7,53.9,54.7,49.3,0
STU-00259,Sara Banerjee,18,Female,12th,Semester 1,1.6,7.2,3.5,4,84.6,64.6,59.2,1
STU-00260,Siddharth Rao,17,Male,11th,Semester 1,2.1,7.5,6.2,4,85.1,61.3,50.3,1
STU-00261,Aaryan Kapoor,20,Male,Undergraduate,Semester 1,3.7,7.3,10.4,6,88.0,60.1,52.0,1
STU-00262,Sneha Verma,21,Female,Undergraduate,Semester 2,7.2,6.6,3.0,7,95.5,77.1,75.7,1
STU-00263,Avani Choudhury,15,Female,10th,Semester 4,2.4,7.7,1.8,5,82.0,62.4,57.9,1
STU-00264,Meera Kapoor,18,Female,12th,Semester 3,2.2,7.1,5.3,4,75.5,61.0,56.3,1
STU-00265,Aanya Sharma,18,Female,Undergraduate,Semester 1,2.1,7.2,4.0,4,82.1,58.1,63.1,1
STU-00266,Diya Kumar,21,Female,Undergraduate,Semester 2,2.5,8.2,5.2,4,77.8,45.1,44.4,0
STU-00267,Kavya Patel,14,Female,9th,Semester 1,1.4,5.1,4.3,4,76.3,66.9,49.3,0
STU-00268,Anika Das,16,Female,11th,Semester 1,3.3,7.6,1.9,6,57.2,51.6,45.1,0
STU-00269,Angel Verma,19,Female,Undergraduate,Semester 3,4.9,8.1,2.4,7,81.7,63.9,61.0,1
STU-00270,Khushi Bhat,16,Female,9th,Semester 3,2.9,6.8,3.7,4,86.0,63.2,50.4,1
STU-00271,Anand Kumar,16,Male,12th,Semester 2,2.0,7.4,6.7,4,60.7,44.7,40.6,0
STU-00272,Saanvi Bose,18,Female,11th,Semester 2,5.8,7.1,1.7,7,71.7,65.9,71.7,1
STU-00273,Anand Joshi,18,Male,11th,Semester 1,4.0,6.6,1.8,7,93.0,67.6,67.8,1
STU-00274,Advik Kumar,17,Male,11th,Semester 2,0.7,9.3,6.9,3,65.2,43.4,34.5,0
STU-00275,Pari Gupta,16,Female,12th,Semester 1,6.7,7.5,8.1,7,93.7,76.7,73.7,1
STU-00276,Tara Joshi,22,Female,Undergraduate,Semester 4,4.8,8.5,6.3,7,82.1,65.4,55.3,1
STU-00277,Angel Bose,17,Female,12th,Semester 4,3.6,6.3,7.2,6,90.5,50.8,57.3,1
STU-00278,Vivaan Kapoor,17,Male,12th,Semester 4,2.4,6.3,2.2,5,84.1,56.2,56.4,1
STU-00279,Meera Kumar,19,Female,Undergraduate,Semester 1,2.8,5.9,7.0,5,52.8,40.7,33.2,0
STU-00280,Sneha Gupta,15,Female,10th,Semester 3,6.4,7.5,2.5,7,91.2,75.1,73.4,1
STU-00281,Arnav Choudhury,15,Male,9th,Semester 2,3.9,7.4,3.1,7,82.1,63.0,57.2,1
STU-00282,Shaurya Joshi,15,Male,10th,Semester 3,3.4,6.5,5.7,5,60.7,63.3,56.2,1
STU-00283,Arnav Reddy,14,Male,9th,Semester 2,3.3,4.8,6.0,5,87.5,65.4,57.9,1
STU-00284,Sara Gupta,15,Female,9th,Semester 3,1.6,7.9,2.3,4,85.9,57.3,42.5,0
STU-00285,Aditya Choudhury,14,Male,10th,Semester 3,4.9,6.4,1.2,7,61.9,55.8,65.2,1
STU-00286,Kabir Mehta,16,Male,9th,Semester 4,2.5,7.7,0.8,4,91.9,61.2,62.0,1
STU-00287,Advaith Rao,18,Male,11th,Semester 2,3.1,6.2,7.5,5,77.1,65.4,50.7,1
STU-00288,Sai Das,16,Male,12th,Semester 4,6.3,7.4,6.8,7,90.6,78.2,73.3,1
STU-00289,Advik Kulkarni,17,Male,11th,Semester 3,0.9,7.4,8.9,2,92.7,36.8,37.5,0
STU-00290,Saanvi Rao,14,Female,9th,Semester 2,3.2,7.0,1.7,6,59.6,53.1,47.9,0
STU-00291,Aadhya Singh,18,Female,12th,Semester 4,5.8,8.1,4.3,7,87.9,86.5,82.3,1
STU-00292,Vihaan Kulkarni,18,Male,12th,Semester 4,4.9,7.2,2.9,7,88.3,65.8,69.9,1
STU-00293,Vihaan Banerjee,16,Male,11th,Semester 1,1.7,5.5,2.2,3,60.9,57.6,41.2,0
STU-00294,Kavya Bhat,16,Female,12th,Semester 3,4.5,6.8,6.5,6,70.1,57.0,42.9,0
STU-00295,Anika Das,15,Female,10th,Semester 1,2.9,8.1,1.2,5,61.5,70.5,48.0,0
STU-00296,Pranav Sharma,15,Male,9th,Semester 2,1.5,8.2,3.6,3,72.5,51.7,54.5,1
STU-00297,Aadhya Patel,17,Female,11th,Semester 1,2.0,9.0,7.8,3,77.1,53.4,41.4,0
STU-00298,Diya Kulkarni,14,Female,9th,Semester 2,4.6,6.0,4.0,7,62.1,62.5,51.0,1
STU-00299,Krishna Malhotra,20,Male,Undergraduate,Semester 2,5.0,8.4,2.5,7,90.9,85.9,77.2,1
STU-00300,Anand Verma,17,Male,12th,Semester 2,5.2,7.4,6.2,7,84.6,66.9,65.2,1
STU-00301,Tanvi Verma,16,Female,10th,Semester 4,3.4,6.5,1.9,5,96.4,73.1,72.4,1
STU-00302,Arnav Rao,16,Male,10th,Semester 3,2.0,5.1,0.8,3,88.1,58.7,50.6,1
STU-00303,Pranav Banerjee,16,Male,9th,Semester 4,3.2,6.1,2.9,6,64.8,54.6,50.7,1
STU-00304,Muhammad Sharma,15,Male,9th,Semester 4,1.7,6.6,4.4,3,79.6,69.2,52.1,1
STU-00305,Angel Singh,17,Female,12th,Semester 2,3.5,8.5,3.9,6,70.1,55.1,49.5,0
STU-00306,Arjun Rao,18,Male,12th,Semester 1,2.2,7.3,3.6,4,69.6,62.7,54.2,1
STU-00307,Sneha Deshmukh,17,Female,12th,Semester 2,4.8,7.5,2.4,7,68.8,61.6,69.6,1
STU-00308,Ayaan Kulkarni,16,Male,9th,Semester 2,0.5,6.9,2.4,2,94.0,58.5,53.3,1
STU-00309,Saanvi Kumar,16,Female,12th,Semester 4,3.2,8.0,5.0,6,80.3,62.6,61.5,1
STU-00310,Aarav Chouhan,14,Male,10th,Semester 1,3.7,5.4,8.4,5,91.2,63.1,68.7,1
STU-00311,Dev Chouhan,17,Male,11th,Semester 2,1.6,5.4,7.7,4,82.6,57.1,39.2,0
STU-00312,Anand Banerjee,20,Male,Undergraduate,Semester 3,6.3,7.3,3.2,7,40.0,46.2,32.5,0
STU-00313,Aarav Joshi,22,Male,Undergraduate,Semester 2,3.9,7.5,2.2,7,82.5,65.1,56.3,1
STU-00314,Ayaan Mehta,16,Male,10th,Semester 3,3.3,7.0,3.0,6,60.2,46.5,44.5,0
STU-00315,Kavya Banerjee,17,Female,11th,Semester 4,2.1,6.7,6.5,4,84.4,49.2,53.4,1
STU-00316,Aaryan Malhotra,16,Male,11th,Semester 3,1.4,8.0,5.3,3,79.3,67.9,44.4,0
STU-00317,Vivaan Rao,16,Male,10th,Semester 4,2.3,5.2,4.4,4,86.1,76.0,60.7,1
STU-00318,Navya Reddy,16,Female,10th,Semester 3,1.6,8.0,4.4,4,67.3,49.0,47.4,0
STU-00319,Pooja Iyer,18,Female,12th,Semester 2,6.1,5.4,1.3,7,62.5,66.3,49.0,0
STU-00320,Anika Rao,17,Female,12th,Semester 2,6.3,5.9,2.1,7,69.1,79.9,70.0,1
STU-00321,Atharv Choudhury,16,Male,12th,Semester 1,2.6,7.2,6.0,5,80.7,69.5,60.4,1
STU-00322,Vihaan Verma,17,Male,11th,Semester 4,4.8,7.4,2.1,7,47.1,60.0,53.5,1
STU-00323,Ayaan Mehta,18,Male,11th,Semester 3,0.8,9.3,3.2,3,63.7,45.1,35.0,0
STU-00324,Meera Banerjee,20,Female,Undergraduate,Semester 4,3.9,5.4,5.6,6,74.9,68.1,52.1,1
STU-00325,Advaith Sharma,18,Male,11th,Semester 4,1.1,7.4,3.6,2,76.6,57.1,57.0,1
STU-00326,Ananya Bose,16,Female,11th,Semester 3,2.7,6.2,4.0,5,59.5,54.4,51.5,1
STU-00327,Sai Rao,22,Male,Undergraduate,Semester 3,3.9,6.0,2.1,6,80.2,64.6,45.6,0
STU-00328,Riya Kapoor,16,Female,12th,Semester 1,6.1,8.4,2.9,7,80.5,66.3,67.7,1
STU-00329,Advik Iyer,17,Male,12th,Semester 2,6.7,5.9,1.3,7,68.9,74.3,67.9,1
STU-00330,Khushi Rao,15,Female,10th,Semester 3,1.6,5.9,2.6,3,71.1,63.7,48.3,0
STU-00331,Aadhya Banerjee,16,Female,11th,Semester 2,3.3,7.1,5.1,5,78.7,69.5,54.7,1
STU-00332,Ishaan Das,19,Male,Undergraduate,Semester 4,4.2,7.0,4.2,7,93.2,64.5,74.7,1
STU-00333,Dev Singh,15,Male,9th,Semester 1,5.3,6.7,4.5,7,58.1,65.7,57.2,1
STU-00334,Aaryan Patel,14,Male,10th,Semester 4,2.6,6.4,7.2,4,86.0,57.8,50.4,1
STU-00335,Angel Bhat,17,Female,11th,Semester 1,4.2,7.5,2.7,6,84.4,64.1,64.5,1
STU-00336,Aanya Das,16,Female,10th,Semester 4,6.7,6.0,1.9,7,76.4,87.5,76.8,1
STU-00337,Khushi Mehta,18,Female,11th,Semester 2,5.6,7.8,2.8,7,68.7,55.7,56.0,1
STU-00338,Anand Singh,16,Male,12th,Semester 1,4.0,7.3,4.5,7,93.1,73.1,70.7,1
STU-00339,Dhruv Mehta,16,Male,9th,Semester 3,1.4,6.8,3.6,3,74.5,47.3,43.9,0
STU-00340,Dev Reddy,18,Male,12th,Semester 3,2.4,6.2,1.7,5,74.4,70.1,59.3,1
STU-00341,Ishaan Bose,17,Male,12th,Semester 3,4.0,8.0,0.8,7,87.1,67.5,64.2,1
STU-00342,Angel Gupta,17,Female,12th,Semester 1,5.7,10.0,5.8,7,52.1,67.4,57.3,1
STU-00343,Sneha Mishra,14,Female,10th,Semester 1,3.7,8.0,4.2,5,97.2,65.3,70.8,1
STU-00344,Atharv Joshi,16,Male,9th,Semester 3,0.8,6.5,2.2,3,83.5,60.0,53.9,1
STU-00345,Advik Kumar,16,Male,12th,Semester 2,4.2,7.4,11.0,7,65.5,44.0,33.5,0
STU-00346,Sara Singh,15,Female,10th,Semester 1,3.5,8.5,4.8,5,75.0,67.6,62.4,1
STU-00347,Anika Banerjee,14,Female,10th,Semester 4,1.0,6.1,3.1,3,65.7,52.9,45.4,0
STU-00348,Aaryan Iyer,16,Male,9th,Semester 1,5.3,8.2,3.4,7,81.7,62.8,72.7,1
STU-00349,Aanya Patel,14,Female,10th,Semester 2,2.8,8.0,0.5,4,77.4,62.7,59.0,1
STU-00350,Siddharth Das,19,Male,Undergraduate,Semester 2,8.1,7.3,2.9,7,80.6,91.0,82.7,1
STU-00351,Rohan Mishra,17,Male,11th,Semester 1,2.1,8.7,6.1,5,49.1,31.5,24.9,0
STU-00352,Arjun Das,16,Male,10th,Semester 1,4.5,5.1,6.2,6,83.9,73.1,51.9,1
STU-00353,Aditya Banerjee,16,Male,11th,Semester 3,6.4,8.0,6.8,7,94.6,66.6,67.2,1
STU-00354,Pooja Choudhury,14,Female,10th,Semester 2,3.4,9.5,0.9,6,85.4,65.6,59.3,1
STU-00355,Kabir Sharma,17,Male,11th,Semester 4,4.8,8.3,1.8,7,88.2,86.7,69.5,1
STU-00356,Tanvi Verma,16,Female,11th,Semester 4,4.6,7.6,2.7,7,72.6,76.4,69.2,1
STU-00357,Muhammad Choudhury,20,Male,Undergraduate,Semester 3,2.5,5.8,1.6,5,80.6,73.5,64.3,1
STU-00358,Aanya Banerjee,15,Female,9th,Semester 3,2.0,4.4,2.6,3,89.9,69.1,52.6,1
STU-00359,Vihaan Verma,15,Male,9th,Semester 3,3.3,6.4,1.1,5,95.5,70.2,63.6,1
STU-00360,Tara Singh,17,Female,11th,Semester 1,4.7,6.1,5.1,7,65.0,59.5,50.0,1
STU-00361,Anushka Gupta,19,Female,Undergraduate,Semester 3,1.4,4.6,4.4,3,93.4,72.4,66.7,1
STU-00362,Shaurya Das,16,Male,11th,Semester 4,2.9,6.3,2.7,4,87.7,77.6,79.2,1
STU-00363,Pooja Das,15,Female,9th,Semester 4,6.6,6.9,3.5,7,48.6,65.1,57.4,1
STU-00364,Sneha Iyer,14,Female,10th,Semester 3,7.1,6.4,3.4,7,92.8,83.1,85.5,1
STU-00365,Navya Reddy,15,Female,10th,Semester 4,2.0,6.6,8.0,4,93.8,58.2,51.4,1
STU-00366,Pooja Nair,14,Female,10th,Semester 4,7.0,6.6,2.8,7,47.2,68.8,52.4,1
STU-00367,Advaith Verma,19,Male,Undergraduate,Semester 3,5.5,7.7,9.0,7,51.6,54.5,51.6,1
STU-00368,Arnav Kulkarni,18,Male,11th,Semester 2,4.8,8.2,0.5,7,73.2,60.3,64.3,1
STU-00369,Aadhya Kulkarni,14,Female,9th,Semester 1,2.6,7.2,3.9,5,82.8,60.1,54.1,1
STU-00370,Diya Kapoor,16,Female,9th,Semester 2,2.6,6.4,0.7,5,87.2,65.3,54.8,1
STU-00371,Sara Malhotra,15,Female,9th,Semester 2,4.5,9.0,2.4,6,80.9,65.2,51.9,1
STU-00372,Pooja Choudhury,15,Female,10th,Semester 2,1.6,8.1,4.0,3,77.8,52.5,55.6,1
STU-00373,Kavya Nair,18,Female,11th,Semester 2,12.0,7.2,0.7,7,68.9,93.8,90.5,1
STU-00374,Sai Rao,14,Male,9th,Semester 1,6.0,8.2,4.4,7,97.0,73.0,73.7,1
STU-00375,Aaryan Das,14,Male,9th,Semester 4,1.8,6.1,2.7,3,93.7,62.3,58.3,1
STU-00376,Aadhya Mishra,20,Female,Undergraduate,Semester 3,6.2,6.9,5.9,7,79.9,65.6,63.0,1
STU-00377,Pari Reddy,18,Female,11th,Semester 1,8.1,6.0,1.8,7,65.3,79.5,85.5,1
STU-00378,Tara Sharma,14,Female,10th,Semester 3,1.2,8.2,2.4,3,81.1,71.3,60.1,1
STU-00379,Reyansh Rao,18,Male,11th,Semester 1,3.8,7.5,3.8,6,96.9,78.1,86.7,1
STU-00380,Navya Singh,16,Female,12th,Semester 3,3.6,6.8,1.7,6,73.1,67.6,67.9,1
STU-00381,Advik Kulkarni,15,Male,10th,Semester 1,3.1,8.2,4.6,6,78.5,69.6,66.5,1
STU-00382,Priyanka Nair,15,Female,9th,Semester 3,4.2,5.2,2.5,7,80.6,69.4,61.6,1
STU-00383,Aaryan Verma,15,Male,9th,Semester 4,6.4,8.2,2.3,7,80.3,82.4,74.2,1
STU-00384,Siddharth Verma,15,Male,9th,Semester 2,6.1,6.8,4.4,7,81.9,71.4,70.5,1
STU-00385,Sai Reddy,18,Male,11th,Semester 2,4.8,8.8,3.5,7,82.3,72.6,65.1,1
STU-00386,Vihaan Das,19,Male,Undergraduate,Semester 2,1.3,6.9,5.3,3,88.5,56.9,42.9,0
STU-00387,Aditya Das,14,Male,10th,Semester 1,4.6,5.4,4.6,7,79.6,88.5,57.1,1
STU-00388,Pari Malhotra,15,Female,9th,Semester 1,2.8,6.0,4.9,5,86.8,70.7,55.6,1
STU-00389,Ishaan Reddy,20,Male,Undergraduate,Semester 2,3.6,6.9,6.6,5,92.5,75.2,62.9,1
STU-00390,Aanya Sharma,14,Female,10th,Semester 2,2.3,6.5,3.6,5,69.4,56.8,42.9,0
STU-00391,Diya Kapoor,16,Female,10th,Semester 4,1.6,6.8,4.0,4,91.9,68.5,52.1,1
STU-00392,Myra Reddy,18,Female,12th,Semester 3,2.9,5.5,4.2,5,97.5,79.2,75.1,1
STU-00393,Aarav Sharma,17,Male,11th,Semester 4,4.4,7.8,9.9,7,70.3,49.9,48.5,0
STU-00394,Advik Rao,16,Male,9th,Semester 4,8.9,7.7,2.1,7,84.9,88.0,89.3,1
STU-00395,Muhammad Singh,17,Male,11th,Semester 3,1.4,5.8,1.0,3,53.5,64.2,37.6,0
STU-00396,Aaradhya Banerjee,17,Female,12th,Semester 4,1.5,7.9,4.7,3,91.1,56.0,56.5,1
STU-00397,Muhammad Bose,19,Male,Undergraduate,Semester 3,3.1,6.2,2.0,5,49.6,47.6,41.1,0
STU-00398,Siddharth Kulkarni,16,Male,12th,Semester 3,7.0,5.8,2.1,7,80.5,76.5,64.8,1
STU-00399,Pranav Kulkarni,17,Male,12th,Semester 1,2.8,7.2,5.3,4,60.5,53.5,57.6,1
STU-00400,Atharv Patel,18,Male,12th,Semester 4,2.0,8.4,1.9,4,44.1,35.2,31.8,0
STU-00401,Saanvi Bose,14,Female,9th,Semester 3,3.3,8.8,4.3,6,61.7,52.6,41.5,0
STU-00402,Pari Reddy,15,Female,10th,Semester 2,1.9,4.1,1.3,3,88.2,54.8,50.8,1
STU-00403,Angel Rao,16,Female,10th,Semester 3,5.2,6.8,2.2,7,92.2,77.7,81.9,1
STU-00404,Krishna Singh,17,Male,11th,Semester 2,1.0,6.1,5.7,2,61.0,49.7,36.4,0
STU-00405,Anika Reddy,17,Female,11th,Semester 3,7.1,7.0,4.9,7,87.4,77.5,80.7,1
STU-00406,Muhammad Joshi,17,Male,12th,Semester 2,2.9,5.9,2.1,5,63.4,66.1,48.5,0
STU-00407,Aaradhya Kumar,15,Female,9th,Semester 4,4.8,6.4,3.5,7,90.6,76.1,69.1,1
STU-00408,Arjun Bose,14,Male,9th,Semester 1,6.0,6.8,3.9,7,84.3,79.1,83.2,1
STU-00409,Meera Nair,21,Female,Undergraduate,Semester 4,4.6,7.3,1.1,7,86.7,74.9,67.3,1
STU-00410,Pooja Malhotra,17,Female,12th,Semester 4,5.5,8.7,1.8,7,41.0,55.5,56.9,1
STU-00411,Angel Chouhan,14,Other,9th,Semester 1,3.8,8.9,9.1,6,91.0,61.8,49.8,0
STU-00412,Ishaan Reddy,16,Male,10th,Semester 3,5.6,8.6,3.4,7,87.0,74.5,69.9,1
STU-00413,Siddharth Bose,16,Male,9th,Semester 3,6.1,6.7,4.6,7,82.3,71.0,73.6,1
STU-00414,Vihaan Joshi,14,Male,10th,Semester 1,8.4,7.0,2.1,7,94.4,93.4,100.0,1
STU-00415,Saanvi Nair,16,Female,12th,Semester 4,0.8,7.4,2.9,3,78.3,65.2,45.9,0
STU-00416,Aarav Mishra,14,Male,10th,Semester 2,4.0,9.1,2.5,7,58.4,51.9,48.8,0
STU-00417,Tanvi Choudhury,16,Female,12th,Semester 3,2.7,6.3,8.3,4,89.8,56.9,59.6,1
STU-00418,Anand Deshmukh,18,Male,Undergraduate,Semester 4,3.6,8.6,5.5,6,93.3,65.3,69.7,1
STU-00419,Ayaan Singh,16,Male,12th,Semester 1,5.0,7.7,3.4,7,58.7,57.7,64.4,1
STU-00420,Muhammad Sharma,16,Male,12th,Semester 2,3.2,7.1,3.6,5,74.0,65.7,59.3,1
STU-00421,Pari Mishra,15,Female,10th,Semester 1,7.0,7.3,3.4,7,96.7,81.3,80.9,1
STU-00422,Arjun Kapoor,21,Male,Undergraduate,Semester 3,2.2,7.0,1.7,5,94.0,68.6,52.1,1
STU-00423,Aaryan Malhotra,18,Male,12th,Semester 2,6.3,10.0,4.9,7,84.7,69.0,62.2,1
STU-00424,Myra Singh,18,Female,11th,Semester 1,1.4,7.5,3.5,4,77.3,63.3,59.9,1
STU-00425,Aaryan Mehta,15,Male,9th,Semester 3,2.6,8.7,0.9,4,76.2,67.8,61.1,1
STU-00426,Sara Choudhury,16,Female,12th,Semester 1,7.8,5.9,3.0,7,86.3,86.7,79.7,1
STU-00427,Muhammad Reddy,16,Male,12th,Semester 3,4.2,8.4,4.4,7,86.3,78.0,62.2,1
STU-00428,Anand Kapoor,14,Male,9th,Semester 2,1.0,4.9,2.2,2,86.3,61.7,47.4,0
STU-00429,Anika Bhat,16,Female,10th,Semester 1,6.2,6.4,2.6,7,89.0,80.0,79.6,1
STU-00430,Tara Verma,15,Female,10th,Semester 4,2.1,5.8,2.9,4,87.1,70.6,56.2,1
STU-00431,Pari Das,16,Female,10th,Semester 2,4.0,6.9,4.2,7,80.4,55.5,58.2,1
STU-00432,Ananya Reddy,18,Female,11th,Semester 1,4.8,6.7,2.0,7,86.2,66.5,57.0,1
STU-00433,Angel Kulkarni,19,Female,Undergraduate,Semester 2,4.1,6.6,2.6,7,99.7,70.3,68.0,1
STU-00434,Advik Reddy,16,Male,12th,Semester 2,2.9,5.7,0.7,5,41.7,54.6,51.7,1
STU-00435,Pooja Joshi,17,Other,12th,Semester 2,2.7,7.9,1.3,4,92.0,65.8,56.7,1
STU-00436,Aadhya Malhotra,16,Female,12th,Semester 3,1.9,5.5,7.7,4,84.1,64.2,54.7,1
STU-00437,Sara Bhat,18,Female,12th,Semester 4,1.4,7.3,0.6,3,95.8,51.1,60.7,1
STU-00438,Advik Das,21,Male,Undergraduate,Semester 2,3.0,5.5,4.4,5,92.5,56.3,64.1,1
STU-00439,Myra Kapoor,18,Female,12th,Semester 4,4.3,6.7,4.6,6,91.2,69.2,68.9,1
STU-00440,Dhruv Verma,16,Male,10th,Semester 2,5.3,6.7,6.9,7,76.3,53.9,57.0,1
STU-00441,Priyanka Joshi,18,Female,12th,Semester 3,5.8,6.9,1.1,7,59.2,59.6,48.9,0
STU-00442,Aadhya Reddy,15,Female,9th,Semester 4,2.5,6.2,3.2,5,94.3,63.3,65.9,1
STU-00443,Advaith Mishra,16,Male,10th,Semester 4,5.9,7.9,2.3,7,77.2,69.3,68.0,1
STU-00444,Sai Kapoor,18,Male,11th,Semester 4,10.3,7.3,6.1,7,81.8,86.1,89.8,1
STU-00445,Aadhya Verma,15,Female,9th,Semester 3,2.3,6.9,8.4,5,71.3,30.3,15.8,0
STU-00446,Anand Bose,15,Male,9th,Semester 1,8.5,5.6,2.2,7,40.1,67.4,54.1,1
STU-00447,Anika Choudhury,18,Female,Undergraduate,Semester 3,2.2,7.7,0.9,4,87.1,71.5,58.0,1
STU-00448,Ayaan Sharma,14,Male,10th,Semester 2,2.8,6.6,2.6,5,79.7,55.4,52.2,1
STU-00449,Aarav Malhotra,18,Male,12th,Semester 1,3.4,5.9,6.8,6,87.7,62.1,67.4,1
STU-00450,Kabir Patel,14,Male,10th,Semester 2,1.0,6.7,2.3,2,90.1,68.4,57.9,1
STU-00451,Khushi Verma,15,Female,10th,Semester 1,3.6,7.9,3.3,6,84.1,65.7,58.2,1
STU-00452,Advik Reddy,15,Male,10th,Semester 3,6.2,7.8,6.9,7,79.0,66.5,63.2,1
STU-00453,Aarav Mehta,17,Male,12th,Semester 1,0.5,6.8,4.1,2,61.2,46.5,47.4,0
STU-00454,Tanvi Kumar,17,Female,12th,Semester 1,4.4,9.2,0.8,7,90.9,78.4,63.6,1
STU-00455,Aanya Bhat,17,Female,12th,Semester 1,3.9,7.0,4.7,6,64.7,51.2,46.6,0
STU-00456,Pranav Das,17,Male,12th,Semester 2,1.0,6.8,0.9,2,75.2,67.6,56.5,1
STU-00457,Avani Singh,19,Female,Undergraduate,Semester 3,2.2,5.3,3.1,5,74.9,69.8,55.5,1
STU-00458,Avani Bose,17,Female,11th,Semester 3,1.8,5.6,3.3,4,68.1,57.6,51.5,1
STU-00459,Reyansh Mehta,16,Male,10th,Semester 4,4.3,8.0,0.6,7,76.7,74.2,64.5,1
STU-00460,Tanvi Kulkarni,18,Female,11th,Semester 3,3.0,7.2,5.5,6,98.3,64.2,57.0,1
STU-00461,Sneha Malhotra,16,Female,9th,Semester 4,5.2,6.9,1.8,7,95.6,74.9,75.5,1
STU-00462,Sai Das,18,Male,12th,Semester 1,4.0,5.5,4.4,6,73.2,65.8,60.3,1
STU-00463,Khushi Kumar,14,Female,10th,Semester 2,1.1,7.2,1.2,2,96.3,65.2,62.5,1
STU-00464,Aanya Mishra,15,Female,9th,Semester 4,3.2,6.8,2.2,6,93.7,73.3,59.5,1
STU-00465,Arjun Verma,15,Male,9th,Semester 2,2.4,7.6,5.5,4,81.9,63.9,57.3,1
STU-00466,Anika Kumar,17,Female,11th,Semester 1,3.7,7.4,3.1,5,95.0,70.3,68.1,1
STU-00467,Advik Singh,21,Male,Undergraduate,Semester 3,4.2,7.7,3.2,6,74.2,60.2,63.5,1
STU-00468,Pranav Das,21,Male,Undergraduate,Semester 4,5.6,6.2,6.4,7,67.4,67.1,60.9,1
STU-00469,Pranav Bose,15,Male,9th,Semester 1,4.9,7.0,2.5,7,93.5,73.2,71.3,1
STU-00470,Muhammad Chouhan,18,Male,12th,Semester 4,3.1,6.8,1.7,6,84.3,64.7,66.4,1
STU-00471,Vihaan Chouhan,17,Male,12th,Semester 4,7.7,9.0,2.5,7,92.9,76.2,80.7,1
STU-00472,Ananya Banerjee,22,Female,Undergraduate,Semester 3,1.7,7.1,2.4,4,88.4,71.0,67.5,1
STU-00473,Aaryan Verma,18,Male,12th,Semester 3,4.6,7.5,4.4,7,88.6,68.2,63.6,1
STU-00474,Anushka Kapoor,18,Female,Undergraduate,Semester 3,3.3,7.6,2.3,6,50.2,51.8,49.3,0
STU-00475,Krishna Reddy,17,Male,11th,Semester 4,3.3,6.3,3.4,5,84.6,52.6,51.2,1
STU-00476,Tanvi Kulkarni,16,Female,10th,Semester 3,3.6,7.0,1.2,6,50.9,65.4,60.8,1
STU-00477,Navya Verma,17,Female,12th,Semester 3,3.3,6.6,9.2,6,91.5,50.7,51.2,1
STU-00478,Aanya Malhotra,15,Female,9th,Semester 3,6.4,7.6,4.5,7,78.6,64.9,68.6,1
STU-00479,Anika Banerjee,18,Female,11th,Semester 2,2.5,8.4,2.9,5,75.0,63.6,48.0,0
STU-00480,Pooja Gupta,22,Female,Undergraduate,Semester 1,0.8,6.7,2.9,2,66.2,54.8,46.3,0
STU-00481,Aarav Sharma,20,Male,Undergraduate,Semester 4,2.0,5.5,3.1,4,71.8,45.7,38.9,0
STU-00482,Dhruv Iyer,22,Male,Undergraduate,Semester 1,5.1,6.5,1.0,7,90.6,76.5,75.0,1
STU-00483,Myra Kapoor,16,Female,12th,Semester 3,2.6,8.2,1.8,4,98.5,71.6,62.1,1
STU-00484,Aaryan Singh,22,Male,Undergraduate,Semester 4,1.5,8.2,3.5,3,77.8,53.8,51.9,1
STU-00485,Advik Malhotra,16,Male,12th,Semester 2,3.9,8.2,1.7,7,72.4,70.6,62.9,1
STU-00486,Reyansh Rao,17,Male,11th,Semester 1,4.6,7.2,0.5,7,83.9,71.2,69.7,1
STU-00487,Arnav Rao,16,Male,11th,Semester 2,1.2,5.6,0.6,3,84.6,68.7,43.3,0
STU-00488,Krishna Verma,16,Male,11th,Semester 3,2.0,6.1,1.7,3,82.0,69.0,56.9,1
STU-00489,Dhruv Nair,15,Male,10th,Semester 2,0.5,7.5,4.1,2,68.4,45.7,38.9,0
STU-00490,Reyansh Chouhan,16,Male,9th,Semester 3,12.0,5.6,2.6,7,84.8,99.0,97.7,1
STU-00491,Atharv Malhotra,16,Male,11th,Semester 1,4.7,7.7,4.9,7,83.7,63.3,58.8,1
STU-00492,Dhruv Kumar,22,Male,Undergraduate,Semester 4,3.8,7.6,0.5,6,76.4,67.4,62.3,1
STU-00493,Aadhya Joshi,22,Female,Undergraduate,Semester 3,4.7,8.2,2.2,7,85.1,73.0,66.1,1
STU-00494,Myra Bose,14,Female,10th,Semester 4,2.5,7.3,0.9,5,70.2,52.3,60.9,1
STU-00495,Aanya Joshi,16,Female,10th,Semester 1,2.3,6.3,6.7,5,89.0,60.9,47.9,0
STU-00496,Dhruv Mishra,15,Male,10th,Semester 1,2.6,5.0,2.3,5,64.4,53.5,47.1,0
STU-00497,Riya Kumar,20,Female,Undergraduate,Semester 3,4.2,4.6,6.8,6,48.3,53.3,36.5,0
STU-00498,Aaryan Sharma,16,Male,11th,Semester 4,1.9,6.3,1.6,3,91.4,80.8,66.5,1
STU-00499,Tanvi Iyer,16,Female,9th,Semester 1,1.3,6.3,2.3,4,97.2,54.3,55.6,1
STU-00500,Saanvi Sharma,22,Female,Undergraduate,Semester 1,2.4,7.8,5.1,4,82.5,55.2,51.8,1
STU-00501,Advaith Singh,16,Male,10th,Semester 3,8.0,6.4,1.5,7,92.6,96.9,94.6,1
STU-00502,Avani Singh,19,Female,Undergraduate,Semester 1,4.4,6.6,7.7,6,94.8,65.9,55.1,1
STU-00503,Aanya Das,14,Female,10th,Semester 1,2.4,7.6,2.0,5,85.0,68.8,54.6,1
STU-00504,Aanya Banerjee,14,Female,10th,Semester 1,3.6,7.0,3.7,6,88.4,68.3,59.7,1
STU-00505,Tara Kulkarni,15,Female,10th,Semester 2,4.4,7.3,2.9,7,79.6,85.8,66.5,1
STU-00506,Meera Kumar,16,Female,11th,Semester 3,2.9,5.8,10.0,4,87.0,44.1,38.7,0
STU-00507,Kabir Bose,22,Male,Undergraduate,Semester 3,1.7,6.0,4.3,3,54.9,49.2,40.8,0
STU-00508,Vihaan Mishra,18,Male,12th,Semester 2,4.8,4.0,4.6,7,82.5,69.0,68.9,1
STU-00509,Atharv Iyer,15,Male,10th,Semester 2,6.0,9.3,9.8,7,95.5,71.4,60.4,1
STU-00510,Aaryan Malhotra,18,Male,11th,Semester 1,5.4,7.6,3.9,7,68.4,53.6,56.4,1
STU-00511,Sneha Bhat,18,Female,12th,Semester 4,5.7,5.9,1.4,7,88.6,77.9,78.3,1
STU-00512,Aaryan Sharma,16,Male,11th,Semester 4,4.8,7.6,1.6,7,75.1,61.4,54.0,1
STU-00513,Advaith Iyer,15,Male,9th,Semester 3,3.2,6.6,2.0,5,73.0,58.7,59.4,1
STU-00514,Aditya Das,17,Male,11th,Semester 1,4.5,5.8,0.5,7,95.3,74.8,66.0,1
STU-00515,Siddharth Bose,18,Male,12th,Semester 1,5.9,5.2,2.4,7,48.9,50.1,53.9,1
STU-00516,Diya Kumar,17,Female,11th,Semester 4,3.9,7.8,2.9,7,85.5,72.7,67.3,1
STU-00517,Advaith Mehta,17,Male,11th,Semester 3,3.2,6.6,0.7,5,59.0,68.7,49.9,0
STU-00518,Shaurya Chouhan,15,Male,10th,Semester 2,3.4,6.7,4.6,5,86.4,68.0,56.2,1
STU-00519,Pooja Iyer,18,Female,11th,Semester 3,3.5,6.9,2.9,6,70.9,57.2,52.1,1
STU-00520,Diya Verma,18,Female,Undergraduate,Semester 4,3.9,6.7,6.3,7,80.0,59.9,45.8,0
STU-00521,Advaith Mehta,16,Male,12th,Semester 4,1.8,7.6,6.1,3,80.0,47.6,49.5,0
STU-00522,Vivaan Patel,16,Male,10th,Semester 2,4.3,7.6,3.5,6,88.1,81.5,70.3,1
STU-00523,Riya Kulkarni,16,Female,10th,Semester 1,4.0,5.9,5.9,6,78.7,62.4,51.9,1
STU-00524,Aaradhya Verma,16,Female,10th,Semester 3,1.7,7.6,3.8,4,74.9,66.6,60.1,1
STU-00525,Ayaan Singh,21,Male,Undergraduate,Semester 3,3.1,7.7,1.4,5,64.5,62.7,52.9,1
STU-00526,Advik Malhotra,16,Male,12th,Semester 4,4.8,5.6,1.9,7,51.0,58.2,44.1,0
STU-00527,Dhruv Kapoor,15,Male,9th,Semester 3,5.7,6.1,2.8,7,80.7,65.2,57.8,1
STU-00528,Aarav Banerjee,16,Male,11th,Semester 4,1.9,5.3,6.4,3,91.8,49.7,40.9,0
STU-00529,Muhammad Kulkarni,19,Male,Undergraduate,Semester 1,4.2,7.6,5.8,7,70.5,62.3,59.9,1
STU-00530,Angel Bhat,18,Female,12th,Semester 3,3.9,6.8,0.7,6,88.7,65.0,67.9,1
STU-00531,Meera Patel,17,Other,12th,Semester 2,1.2,6.2,1.8,2,89.6,61.0,64.6,1
STU-00532,Kavya Reddy,14,Female,10th,Semester 3,3.0,8.9,1.3,5,59.1,53.3,53.3,1
STU-00533,Meera Kapoor,22,Female,Undergraduate,Semester 4,3.3,5.1,4.2,6,76.6,69.8,57.7,1
STU-00534,Tara Iyer,14,Female,9th,Semester 2,4.1,5.8,5.1,7,83.9,71.6,59.9,1
STU-00535,Atharv Banerjee,16,Male,11th,Semester 1,4.2,7.3,3.2,6,71.4,55.2,51.2,1
STU-00536,Krishna Bose,16,Male,9th,Semester 1,3.7,6.0,1.2,5,83.1,78.6,65.1,1
STU-00537,Pooja Deshmukh,20,Female,Undergraduate,Semester 3,3.8,7.3,2.9,6,92.9,75.8,73.0,1
STU-00538,Shaurya Joshi,16,Male,12th,Semester 2,2.6,6.7,4.7,4,86.3,66.6,63.8,1
STU-00539,Angel Kumar,22,Female,Undergraduate,Semester 2,2.8,6.5,3.4,4,85.6,71.7,59.3,1
STU-00540,Atharv Reddy,15,Male,10th,Semester 1,1.2,6.4,3.1,3,89.4,63.5,58.5,1
STU-00541,Pari Joshi,20,Female,Undergraduate,Semester 2,2.9,7.7,2.0,5,87.8,59.0,71.9,1
STU-00542,Muhammad Gupta,16,Male,9th,Semester 1,6.1,5.3,7.3,7,86.6,76.7,56.6,1
STU-00543,Anika Mishra,16,Female,12th,Semester 4,2.6,5.6,1.7,5,40.0,41.8,33.5,0
STU-00544,Sai Das,18,Male,12th,Semester 2,2.2,7.3,1.4,5,57.0,59.8,39.6,0
STU-00545,Navya Sharma,20,Female,Undergraduate,Semester 2,3.0,6.1,2.6,6,74.2,56.1,51.4,1
STU-00546,Vivaan Verma,17,Male,11th,Semester 4,4.3,7.8,2.2,6,74.9,67.5,53.8,1
STU-00547,Dev Iyer,17,Male,11th,Semester 3,1.9,7.7,2.5,4,82.4,62.5,63.5,1
STU-00548,Pooja Mehta,15,Female,9th,Semester 4,7.9,7.1,3.5,7,67.3,66.6,75.0,1
STU-00549,Pranav Kulkarni,15,Male,10th,Semester 2,3.7,7.8,6.9,5,92.4,68.1,59.8,1
STU-00550,Arnav Bose,22,Male,Undergraduate,Semester 4,4.0,7.2,1.0,6,91.2,74.1,72.6,1
STU-00551,Pari Kulkarni,18,Female,12th,Semester 3,3.6,7.2,9.5,6,76.0,54.3,53.0,1
STU-00552,Vihaan Kulkarni,16,Male,12th,Semester 3,3.8,7.5,4.7,6,50.9,57.2,50.1,1
STU-00553,Advik Sharma,15,Male,10th,Semester 3,3.3,5.4,3.0,5,85.3,52.8,42.9,0
STU-00554,Ananya Kulkarni,20,Female,Undergraduate,Semester 4,1.7,6.5,7.5,4,82.1,57.1,50.3,1
STU-00555,Tanvi Iyer,16,Female,9th,Semester 3,3.9,8.3,3.7,7,57.7,52.8,62.0,1
STU-00556,Rohan Choudhury,14,Male,10th,Semester 2,2.6,8.5,1.4,4,89.4,75.5,62.2,1
STU-00557,Dev Patel,20,Male,Undergraduate,Semester 3,3.3,6.2,1.3,5,65.9,61.2,62.4,1
STU-00558,Rohan Gupta,17,Male,12th,Semester 2,1.4,8.4,4.4,3,90.9,60.2,53.9,1
STU-00559,Dev Reddy,16,Male,9th,Semester 1,3.5,7.4,5.1,6,89.0,80.5,65.9,1
STU-00560,Sneha Malhotra,16,Female,10th,Semester 1,2.9,7.1,3.1,4,78.3,67.2,56.8,1
STU-00561,Khushi Joshi,15,Female,9th,Semester 3,7.1,8.2,1.9,7,90.6,95.4,82.4,1
STU-00562,Aaradhya Reddy,15,Female,9th,Semester 2,4.4,6.7,2.8,6,92.5,65.3,57.7,1
STU-00563,Shaurya Rao,16,Male,9th,Semester 2,3.6,7.7,4.2,6,94.7,77.1,69.9,1
STU-00564,Siddharth Singh,15,Male,9th,Semester 3,1.2,7.2,4.7,2,76.9,49.0,44.4,0
STU-00565,Rohan Kumar,15,Male,10th,Semester 4,2.4,7.7,6.1,4,87.4,67.6,54.7,1
STU-00566,Kabir Banerjee,16,Male,11th,Semester 4,2.3,6.4,6.2,4,82.9,66.7,54.6,1
STU-00567,Rohan Iyer,14,Male,10th,Semester 1,5.5,8.4,1.9,7,72.6,69.4,63.8,1
STU-00568,Myra Bose,16,Female,12th,Semester 2,4.4,7.0,1.7,6,87.1,59.9,63.1,1
STU-00569,Sara Deshmukh,14,Female,10th,Semester 1,3.3,6.6,1.8,6,70.1,64.9,57.6,1
STU-00570,Diya Reddy,17,Female,11th,Semester 4,2.8,5.2,0.7,5,69.0,64.4,53.4,1
STU-00571,Aarav Bhat,18,Male,Undergraduate,Semester 4,7.8,6.6,0.8,7,64.7,85.1,78.0,1
STU-00572,Ishaan Kulkarni,17,Male,12th,Semester 1,2.6,8.8,1.7,5,87.6,69.5,64.1,1
STU-00573,Ananya Deshmukh,16,Female,12th,Semester 4,2.9,7.8,4.0,4,82.0,49.5,57.5,1
STU-00574,Siddharth Kumar,14,Male,10th,Semester 3,1.4,7.1,2.3,4,92.5,69.1,68.0,1
STU-00575,Isha Iyer,18,Female,Undergraduate,Semester 1,7.0,7.5,1.2,7,53.2,60.7,70.0,1
STU-00576,Arjun Kulkarni,17,Male,12th,Semester 1,3.2,8.0,2.1,6,98.0,71.4,62.2,1
STU-00577,Advik Mishra,18,Male,11th,Semester 2,2.3,7.2,1.4,5,92.2,63.8,60.1,1
STU-00578,Advik Gupta,18,Male,12th,Semester 4,6.4,8.4,2.8,7,97.0,93.4,85.5,1
STU-00579,Priyanka Iyer,21,Female,Undergraduate,Semester 3,5.0,5.6,4.2,7,85.5,74.4,70.8,1
STU-00580,Anika Sharma,16,Female,12th,Semester 1,3.2,6.7,1.8,5,74.0,70.5,51.2,1
STU-00581,Reyansh Patel,15,Male,10th,Semester 2,3.1,8.8,1.6,5,61.3,64.6,45.6,0
STU-00582,Aadhya Kumar,17,Female,11th,Semester 2,2.2,6.8,1.1,4,95.5,76.3,64.4,1
STU-00583,Krishna Bhat,15,Male,9th,Semester 2,1.2,5.7,1.3,2,87.7,63.7,42.3,0
STU-00584,Dhruv Bhat,15,Male,10th,Semester 2,0.5,5.8,4.8,2,76.9,38.8,28.8,0
STU-00585,Tanvi Joshi,15,Female,9th,Semester 1,3.4,8.3,11.0,6,40.0,33.8,26.8,0
STU-00586,Sai Sharma,18,Other,12th,Semester 2,2.1,7.5,3.4,4,92.6,59.2,61.4,1
STU-00587,Riya Sharma,16,Female,10th,Semester 2,6.9,7.8,8.3,7,63.9,54.2,50.5,1
STU-00588,Pari Reddy,17,Female,11th,Semester 2,4.1,5.6,2.4,7,87.5,65.6,61.6,1
STU-00589,Aadhya Iyer,16,Female,11th,Semester 1,5.7,8.0,5.3,7,98.9,84.0,74.4,1
STU-00590,Anand Kumar,16,Male,11th,Semester 1,2.0,6.7,2.5,4,84.7,50.2,42.9,0
STU-00591,Myra Sharma,17,Female,11th,Semester 4,2.2,6.7,5.8,4,92.8,55.3,55.6,1
STU-00592,Muhammad Patel,16,Male,10th,Semester 2,4.4,7.5,2.5,6,85.1,56.9,58.6,1
STU-00593,Saanvi Chouhan,14,Female,10th,Semester 1,3.1,8.0,3.2,5,85.4,64.5,55.6,1
STU-00594,Diya Gupta,16,Female,10th,Semester 4,4.0,7.7,2.3,7,79.3,59.7,62.6,1
STU-00595,Saanvi Kapoor,22,Female,Undergraduate,Semester 1,2.1,6.2,2.5,4,56.4,43.8,39.5,0
STU-00596,Ananya Mehta,16,Female,10th,Semester 4,3.1,6.6,5.6,5,54.6,43.1,43.1,0
STU-00597,Myra Deshmukh,18,Female,11th,Semester 3,0.7,7.0,0.6,3,94.9,57.8,53.1,1
STU-00598,Angel Verma,14,Female,9th,Semester 2,6.0,6.5,2.9,7,95.5,69.9,80.0,1
STU-00599,Ananya Deshmukh,15,Female,10th,Semester 4,3.6,6.7,1.7,5,64.3,74.6,48.1,0
STU-00600,Navya Mehta,16,Female,12th,Semester 2,2.9,6.2,4.5,5,88.9,62.8,65.7,1
STU-00601,Anand Kumar,18,Male,12th,Semester 3,4.7,5.6,2.9,7,74.3,56.9,69.4,1
STU-00602,Arnav Bose,18,Male,12th,Semester 3,3.1,6.8,1.6,6,80.3,53.8,53.9,1
STU-00603,Advik Patel,20,Male,Undergraduate,Semester 1,6.8,7.0,1.4,7,94.4,76.6,80.3,1
STU-00604,Pranav Sharma,16,Male,9th,Semester 3,3.0,7.4,2.9,6,82.1,54.9,57.1,1
STU-00605,Shaurya Mishra,15,Male,10th,Semester 3,3.6,6.4,4.5,5,72.8,71.7,63.9,1
STU-00606,Khushi Sharma,15,Female,10th,Semester 2,1.9,6.5,5.2,4,85.2,50.1,49.8,0
STU-00607,Sara Kulkarni,16,Female,12th,Semester 1,1.9,6.7,1.9,4,89.6,62.4,50.9,1
STU-00608,Kabir Patel,15,Male,9th,Semester 1,12.0,4.7,0.8,7,73.3,93.8,87.6,1
STU-00609,Dhruv Malhotra,14,Male,9th,Semester 4,2.9,7.3,5.2,5,71.5,51.1,51.6,1
STU-00610,Isha Singh,20,Female,Undergraduate,Semester 1,5.5,7.1,11.0,7,51.1,54.4,38.2,0
STU-00611,Diya Bose,18,Female,12th,Semester 4,1.0,5.3,1.4,3,83.6,58.4,53.5,1
STU-00612,Dhruv Das,16,Male,9th,Semester 4,4.9,9.2,1.7,7,84.1,70.3,60.4,1
STU-00613,Krishna Verma,20,Male,Undergraduate,Semester 2,5.6,6.9,0.9,7,84.2,73.0,66.2,1
STU-00614,Meera Deshmukh,17,Female,11th,Semester 3,6.3,7.7,2.2,7,72.1,73.5,79.6,1
STU-00615,Sara Patel,14,Female,9th,Semester 2,1.9,7.7,1.4,4,91.3,84.1,72.7,1
STU-00616,Ishaan Nair,14,Male,9th,Semester 2,2.4,6.0,1.5,5,71.2,60.4,42.6,0
STU-00617,Aadhya Sharma,18,Female,12th,Semester 4,1.5,6.2,1.1,3,86.6,71.0,60.3,1
STU-00618,Muhammad Iyer,15,Male,9th,Semester 2,3.4,6.6,2.0,5,85.1,67.4,59.6,1
STU-00619,Diya Mehta,16,Female,9th,Semester 3,1.6,6.8,2.7,4,79.1,53.8,50.6,1
STU-00620,Sneha Bhat,16,Female,9th,Semester 4,0.9,6.5,4.4,2,93.2,54.1,50.9,1
STU-00621,Meera Gupta,16,Female,11th,Semester 3,6.4,5.6,2.5,7,72.7,71.0,63.8,1
STU-00622,Aditya Kumar,15,Male,9th,Semester 3,2.5,5.9,1.3,5,65.9,57.7,49.6,0
STU-00623,Arnav Banerjee,14,Male,9th,Semester 1,3.1,6.9,7.6,6,54.2,46.9,43.6,0
STU-00624,Shaurya Kulkarni,18,Male,12th,Semester 1,2.9,7.7,4.9,5,80.2,50.2,53.8,1
STU-00625,Sara Joshi,14,Female,10th,Semester 1,3.0,4.0,3.4,6,82.2,67.0,55.6,1
STU-00626,Aditya Bhat,16,Male,9th,Semester 4,3.2,6.4,4.2,5,56.3,56.3,57.3,1
STU-00627,Advaith Patel,17,Male,12th,Semester 2,4.8,4.4,2.2,7,85.0,68.8,59.6,1
STU-00628,Sneha Banerjee,18,Female,12th,Semester 2,5.9,5.1,3.0,7,82.2,64.5,71.7,1
STU-00629,Anushka Choudhury,16,Female,10th,Semester 2,1.9,7.4,6.2,4,89.2,55.0,57.1,1
STU-00630,Avani Kapoor,16,Female,12th,Semester 2,4.5,7.6,3.6,6,82.9,74.4,62.2,1
STU-00631,Arjun Sharma,17,Male,12th,Semester 1,3.0,7.1,6.7,6,97.1,72.9,56.1,1
STU-00632,Ishaan Kapoor,15,Male,9th,Semester 1,3.3,5.4,11.0,6,90.9,43.2,43.8,0
STU-00633,Aanya Patel,15,Female,9th,Semester 2,2.7,7.8,4.6,5,45.0,52.8,26.2,0
STU-00634,Kabir Joshi,17,Male,11th,Semester 1,2.7,7.5,0.6,4,80.7,67.5,54.7,1
STU-00635,Atharv Mehta,16,Male,12th,Semester 3,2.8,6.3,8.8,5,74.0,56.4,33.9,0
STU-00636,Kabir Sharma,18,Male,Undergraduate,Semester 1,3.2,5.6,3.0,5,71.3,49.9,46.7,0
STU-00637,Priyanka Sharma,17,Female,11th,Semester 3,2.1,5.1,3.3,5,86.2,58.8,45.7,0
STU-00638,Anand Kulkarni,14,Male,10th,Semester 4,1.2,5.4,2.3,3,86.4,50.5,44.2,0
STU-00639,Riya Choudhury,15,Female,10th,Semester 4,2.7,7.6,1.8,5,79.0,61.1,54.5,1
STU-00640,Meera Choudhury,16,Female,9th,Semester 1,4.2,7.2,3.4,6,72.3,49.7,61.5,1
STU-00641,Myra Bose,18,Female,12th,Semester 3,4.7,7.9,0.6,7,43.5,53.5,47.9,0
STU-00642,Angel Reddy,15,Female,10th,Semester 1,1.6,7.0,3.7,3,54.7,46.6,49.5,0
STU-00643,Pranav Das,16,Male,11th,Semester 1,4.0,10.0,0.9,6,76.5,70.0,62.2,1
STU-00644,Kabir Malhotra,18,Male,11th,Semester 4,2.3,9.1,9.3,5,74.3,57.8,41.6,0
STU-00645,Saanvi Patel,22,Female,Undergraduate,Semester 4,4.2,7.2,2.9,7,81.2,60.7,63.2,1
STU-00646,Sneha Chouhan,18,Female,11th,Semester 4,2.4,8.1,5.0,4,40.1,36.5,23.2,0
STU-00647,Arnav Bose,15,Male,9th,Semester 3,3.0,7.6,2.5,6,87.8,65.8,58.7,1
STU-00648,Ishaan Nair,15,Male,9th,Semester 1,1.3,5.9,3.0,4,81.7,67.3,57.0,1
STU-00649,Khushi Malhotra,15,Female,9th,Semester 1,7.5,7.1,6.0,7,87.5,77.7,83.4,1
STU-00650,Dhruv Kumar,16,Male,12th,Semester 4,2.8,7.8,1.6,4,92.6,67.7,66.4,1
STU-00651,Dhruv Bose,18,Male,Undergraduate,Semester 4,2.7,6.2,4.2,4,90.3,56.9,52.6,1
STU-00652,Muhammad Mehta,16,Male,12th,Semester 1,4.3,6.6,0.8,6,54.9,59.5,46.4,0
STU-00653,Arjun Mehta,17,Male,12th,Semester 4,1.3,7.4,3.8,4,74.1,46.6,47.4,0
STU-00654,Anand Kumar,16,Male,9th,Semester 1,0.8,4.2,8.2,2,95.6,66.3,46.9,0
STU-00655,Kabir Chouhan,15,Male,10th,Semester 1,0.8,5.6,2.8,2,72.0,73.7,49.7,0
STU-00656,Rohan Reddy,18,Male,12th,Semester 2,3.8,7.2,1.0,7,93.0,68.9,62.5,1
STU-00657,Pari Rao,18,Female,12th,Semester 2,4.1,6.6,1.7,7,58.1,69.7,60.5,1
STU-00658,Vivaan Deshmukh,14,Male,10th,Semester 2,4.1,6.9,3.3,7,82.9,68.3,61.2,1
STU-00659,Khushi Chouhan,16,Female,9th,Semester 1,2.0,7.8,4.9,4,87.4,53.3,48.9,0
STU-00660,Myra Banerjee,15,Female,10th,Semester 1,2.3,6.5,2.6,4,78.5,55.1,58.3,1
STU-00661,Dev Sharma,18,Male,12th,Semester 1,1.1,6.9,5.8,2,90.9,56.4,48.6,0
STU-00662,Aadhya Kapoor,19,Female,Undergraduate,Semester 1,1.9,8.0,2.0,3,57.6,34.8,47.5,0
STU-00663,Dev Reddy,18,Male,11th,Semester 4,2.9,5.2,2.7,4,95.8,70.5,73.7,1
STU-00664,Arjun Nair,16,Male,10th,Semester 4,4.1,5.6,0.8,6,78.7,71.5,57.8,1
STU-00665,Ananya Banerjee,15,Female,9th,Semester 4,2.4,6.9,2.9,4,93.8,61.5,58.3,1
STU-00666,Priyanka Mehta,17,Female,12th,Semester 4,2.9,7.9,1.7,5,95.2,68.8,68.3,1
STU-00667,Diya Mishra,14,Female,9th,Semester 2,2.4,8.2,2.5,4,78.2,58.5,49.7,0
STU-00668,Anushka Choudhury,15,Female,9th,Semester 3,6.4,6.7,2.3,7,87.0,82.8,75.2,1
STU-00669,Kabir Singh,18,Male,12th,Semester 1,6.4,6.3,2.4,7,70.3,67.3,64.0,1
STU-00670,Dev Bose,22,Male,Undergraduate,Semester 2,3.4,7.4,3.0,5,72.1,70.4,59.4,1
STU-00671,Ayaan Bhat,17,Male,12th,Semester 3,2.7,7.2,2.0,5,68.2,69.9,50.2,1
STU-00672,Ayaan Banerjee,15,Male,9th,Semester 1,8.1,6.1,0.6,7,79.4,83.6,84.5,1
STU-00673,Ishaan Joshi,21,Male,Undergraduate,Semester 4,3.5,8.9,3.1,6,88.4,63.7,73.1,1
STU-00674,Advik Chouhan,18,Male,11th,Semester 4,1.2,6.4,9.1,2,94.6,54.5,48.7,0
STU-00675,Aanya Choudhury,18,Female,11th,Semester 2,4.4,7.5,3.9,6,71.6,60.3,57.8,1
STU-00676,Navya Deshmukh,14,Female,10th,Semester 4,2.3,7.8,6.2,4,52.9,40.5,30.2,0
STU-00677,Kabir Kumar,18,Male,12th,Semester 2,3.4,8.3,5.7,6,84.4,57.7,49.9,0
STU-00678,Aadhya Kumar,22,Female,Undergraduate,Semester 3,1.3,7.2,1.7,3,68.9,54.4,43.5,0
STU-00679,Tanvi Bhat,15,Female,9th,Semester 3,5.4,8.1,6.7,7,55.5,60.9,53.8,1
STU-00680,Pooja Iyer,16,Female,9th,Semester 2,6.0,6.5,2.4,7,78.6,76.0,70.1,1
STU-00681,Sai Malhotra,20,Male,Undergraduate,Semester 2,6.0,6.5,4.0,7,84.9,72.7,82.7,1
STU-00682,Anushka Kapoor,15,Female,9th,Semester 1,2.7,7.8,3.4,4,90.9,69.2,59.5,1
STU-00683,Siddharth Mishra,16,Male,12th,Semester 2,1.4,7.2,6.8,3,88.2,55.7,43.6,0
STU-00684,Navya Kumar,17,Female,11th,Semester 4,3.5,8.3,7.0,6,87.1,52.5,51.1,1
STU-00685,Aaradhya Singh,18,Female,11th,Semester 1,4.9,5.6,1.5,7,73.8,62.9,64.5,1
STU-00686,Avani Kulkarni,17,Female,11th,Semester 3,5.6,7.9,0.5,7,91.7,87.9,75.5,1
STU-00687,Arjun Iyer,16,Male,12th,Semester 3,6.4,6.8,3.3,7,57.1,59.4,53.7,1
STU-00688,Pooja Bhat,15,Female,10th,Semester 4,6.4,6.3,1.7,7,71.0,65.3,66.0,1
STU-00689,Reyansh Iyer,18,Male,12th,Semester 3,6.8,6.9,2.5,7,68.4,65.9,74.9,1
STU-00690,Atharv Iyer,16,Male,10th,Semester 3,5.4,8.8,5.5,7,67.7,66.1,50.7,1
STU-00691,Tanvi Das,16,Female,10th,Semester 1,1.6,7.9,7.0,4,69.5,50.1,38.1,0
STU-00692,Anand Joshi,15,Male,10th,Semester 1,2.5,7.9,6.9,4,86.1,48.8,53.4,1
STU-00693,Tanvi Mishra,14,Female,9th,Semester 3,2.4,8.2,1.8,4,97.8,72.9,71.3,1
STU-00694,Riya Choudhury,15,Female,9th,Semester 4,8.9,7.8,2.1,7,86.8,96.5,87.1,1
STU-00695,Muhammad Kumar,16,Male,10th,Semester 4,4.4,7.8,8.6,7,54.9,34.5,31.8,0
STU-00696,Riya Malhotra,16,Female,11th,Semester 3,5.6,7.6,3.4,7,78.3,78.9,74.7,1
STU-00697,Aanya Mehta,15,Female,10th,Semester 1,3.0,5.8,2.7,6,87.0,57.1,49.5,0
STU-00698,Avani Sharma,20,Female,Undergraduate,Semester 1,2.6,5.8,1.0,5,97.4,62.8,69.5,1
STU-00699,Tanvi Reddy,19,Female,Undergraduate,Semester 3,3.4,7.1,3.8,5,63.5,59.0,57.2,1
STU-00700,Anushka Patel,16,Female,10th,Semester 2,5.4,5.5,4.2,7,48.4,64.1,39.6,0
STU-00701,Siddharth Iyer,18,Male,12th,Semester 4,4.9,7.1,3.2,7,89.7,73.4,67.9,1
STU-00702,Rohan Verma,17,Male,11th,Semester 1,2.7,6.2,3.4,4,45.8,40.3,32.4,0
STU-00703,Myra Mehta,16,Female,9th,Semester 3,8.9,7.8,4.2,7,82.2,75.1,74.7,1
STU-00704,Meera Choudhury,16,Female,12th,Semester 4,4.7,7.5,1.8,7,88.2,66.1,59.5,1
STU-00705,Vihaan Mishra,18,Male,11th,Semester 2,10.6,6.7,1.1,7,79.7,93.3,86.9,1
STU-00706,Kavya Das,18,Female,Undergraduate,Semester 2,0.5,4.9,2.1,2,96.3,58.5,59.8,1
STU-00707,Angel Nair,16,Female,9th,Semester 2,4.8,6.7,2.6,7,80.6,71.1,78.7,1
STU-00708,Aadhya Mishra,14,Female,9th,Semester 4,3.2,6.8,5.3,6,89.1,64.4,58.8,1
STU-00709,Myra Mishra,15,Female,9th,Semester 3,4.4,5.7,2.8,7,82.2,62.2,70.1,1
STU-00710,Advaith Mehta,19,Male,Undergraduate,Semester 2,3.5,7.8,1.7,6,84.3,71.9,76.3,1
STU-00711,Pari Patel,18,Female,12th,Semester 1,1.2,7.0,2.9,3,71.2,48.8,54.4,1
STU-00712,Aaradhya Bose,17,Female,11th,Semester 4,0.5,5.5,7.8,3,93.1,65.9,43.8,0
STU-00713,Aadhya Verma,20,Other,Undergraduate,Semester 3,5.7,7.1,0.5,7,90.0,93.1,91.7,1
STU-00714,Kabir Bose,17,Male,11th,Semester 1,8.0,7.5,4.3,7,89.6,83.0,79.7,1
STU-00715,Aaryan Verma,16,Male,9th,Semester 3,2.4,6.1,3.7,4,50.5,48.3,40.2,0
STU-00716,Anand Kapoor,16,Male,11th,Semester 2,1.8,7.9,2.2,4,55.0,54.1,49.4,0
STU-00717,Shaurya Das,18,Male,12th,Semester 4,1.3,7.0,1.3,4,83.1,62.4,61.1,1
STU-00718,Rohan Verma,17,Male,11th,Semester 2,5.9,9.0,3.3,7,85.0,95.9,81.4,1
STU-00719,Aditya Kulkarni,15,Male,9th,Semester 4,9.3,7.4,2.3,7,51.2,77.0,79.7,1
STU-00720,Aditya Verma,14,Male,10th,Semester 2,3.8,6.3,1.8,7,81.9,57.3,54.8,1
STU-00721,Sara Bose,16,Female,10th,Semester 1,7.2,6.8,1.9,7,85.6,90.4,87.2,1
STU-00722,Dev Reddy,16,Male,9th,Semester 4,3.7,5.4,2.1,5,78.0,66.4,60.7,1
STU-00723,Pooja Singh,16,Female,10th,Semester 2,0.9,6.5,1.0,3,40.0,40.1,30.7,0
STU-00724,Rohan Bose,17,Male,11th,Semester 2,1.2,5.5,2.2,3,81.5,59.0,50.8,1
STU-00725,Diya Bose,18,Female,12th,Semester 1,3.0,6.0,6.1,6,68.3,61.3,46.1,0
STU-00726,Aaradhya Kulkarni,15,Female,10th,Semester 2,3.3,8.6,2.6,5,78.0,63.2,61.0,1
STU-00727,Angel Das,21,Female,Undergraduate,Semester 2,2.2,6.7,6.2,4,84.5,54.2,47.4,0
STU-00728,Siddharth Kumar,18,Male,12th,Semester 2,1.1,7.8,5.5,2,86.6,44.5,55.2,1
STU-00729,Dev Malhotra,16,Male,10th,Semester 3,6.2,4.8,10.1,7,94.2,70.0,46.6,0
STU-00730,Saanvi Rao,17,Female,11th,Semester 3,1.6,7.2,2.5,4,73.7,41.2,48.3,0
STU-00731,Anand Reddy,15,Male,10th,Semester 4,6.0,8.2,3.8,7,60.8,66.5,63.5,1
STU-00732,Khushi Deshmukh,15,Female,9th,Semester 1,0.9,4.5,5.0,2,89.9,66.7,60.6,1
STU-00733,Tara Chouhan,15,Female,10th,Semester 2,2.5,5.9,2.7,5,96.2,57.2,51.0,1
STU-00734,Pooja Patel,15,Female,10th,Semester 2,1.9,8.2,5.0,3,93.7,59.0,52.8,1
STU-00735,Siddharth Gupta,17,Male,12th,Semester 3,2.1,5.5,2.8,4,95.8,68.0,70.0,1
STU-00736,Priyanka Kapoor,18,Female,11th,Semester 4,3.4,7.8,0.8,5,95.5,82.3,71.5,1
STU-00737,Kabir Patel,15,Male,9th,Semester 1,3.4,7.4,1.5,6,52.6,63.3,46.6,0
STU-00738,Angel Sharma,16,Female,10th,Semester 2,0.7,7.6,1.3,2,85.9,56.4,45.8,0
STU-00739,Anika Banerjee,17,Female,12th,Semester 1,2.5,6.3,5.3,4,58.0,39.4,32.6,0
STU-00740,Arnav Kumar,15,Male,10th,Semester 3,3.5,6.3,1.6,6,86.2,70.6,58.1,1
STU-00741,Sara Rao,16,Female,12th,Semester 2,4.2,5.2,1.3,6,75.4,59.9,61.5,1
STU-00742,Isha Banerjee,14,Female,10th,Semester 2,4.4,8.7,1.0,7,74.5,73.6,53.9,1
STU-00743,Pranav Kapoor,16,Male,10th,Semester 3,6.3,6.9,5.0,7,40.0,61.7,57.5,1
STU-00744,Pranav Rao,18,Male,11th,Semester 3,1.8,5.9,6.3,4,67.2,40.2,42.7,0
STU-00745,Muhammad Banerjee,14,Male,9th,Semester 4,3.9,5.6,0.5,6,80.5,73.7,61.9,1
STU-00746,Atharv Chouhan,16,Male,12th,Semester 1,5.3,7.4,1.7,7,63.3,69.8,68.3,1
STU-00747,Siddharth Singh,20,Male,Undergraduate,Semester 1,5.7,6.9,7.6,7,90.7,69.6,75.0,1
STU-00748,Shaurya Sharma,16,Male,9th,Semester 1,6.5,7.2,2.8,7,67.1,70.3,65.4,1
STU-00749,Vivaan Kulkarni,17,Male,12th,Semester 2,6.4,6.5,3.3,7,93.4,80.5,71.8,1
STU-00750,Pooja Deshmukh,18,Female,11th,Semester 4,6.5,7.6,3.8,7,75.8,70.9,69.0,1
STU-00751,Meera Reddy,18,Female,11th,Semester 1,2.4,6.3,6.5,4,61.7,49.1,41.6,0
STU-00752,Anika Bose,17,Female,11th,Semester 2,11.3,7.2,4.4,7,90.0,82.4,100.0,1
STU-00753,Ayaan Deshmukh,18,Male,11th,Semester 3,4.9,8.3,5.7,7,94.7,78.3,70.3,1
STU-00754,Tanvi Nair,17,Female,12th,Semester 1,2.1,6.4,1.3,4,86.7,58.2,57.5,1
STU-00755,Muhammad Nair,15,Male,9th,Semester 3,4.1,7.1,3.2,7,94.1,70.6,62.6,1
STU-00756,Anushka Choudhury,18,Female,11th,Semester 1,3.6,7.9,2.8,6,79.2,59.3,42.9,0
STU-00757,Anushka Malhotra,18,Female,12th,Semester 1,1.1,5.6,4.2,2,74.0,53.4,44.8,0
STU-00758,Riya Nair,17,Other,12th,Semester 1,2.5,5.5,2.2,5,82.0,69.0,67.8,1
STU-00759,Krishna Banerjee,21,Male,Undergraduate,Semester 3,3.1,7.2,1.6,5,78.9,60.9,55.1,1
STU-00760,Ananya Kumar,16,Female,12th,Semester 3,4.6,9.0,1.8,7,81.3,66.7,72.0,1
STU-00761,Krishna Kumar,14,Male,10th,Semester 1,1.8,7.6,2.3,4,85.9,57.6,66.3,1
STU-00762,Khushi Bose,15,Female,10th,Semester 4,2.1,7.0,2.9,4,89.2,63.1,66.2,1
STU-00763,Aditya Bose,18,Other,11th,Semester 1,3.7,7.9,3.3,6,95.8,63.5,65.4,1
STU-00764,Avani Singh,14,Female,10th,Semester 4,3.0,5.7,2.7,6,90.0,62.9,51.5,1
STU-00765,Advik Deshmukh,17,Male,12th,Semester 3,2.8,6.3,2.0,4,82.4,74.1,53.3,1
STU-00766,Angel Patel,16,Female,11th,Semester 3,0.9,7.6,1.6,2,73.9,60.7,58.4,1
STU-00767,Shaurya Bhat,19,Male,Undergraduate,Semester 4,1.5,6.7,3.6,4,67.4,49.1,46.7,0
STU-00768,Aaradhya Kumar,15,Female,10th,Semester 3,7.2,7.5,2.2,7,73.1,84.9,75.1,1
STU-00769,Dhruv Rao,18,Male,11th,Semester 3,4.8,6.6,2.8,7,66.5,58.5,65.0,1
STU-00770,Vivaan Singh,15,Male,9th,Semester 3,3.8,8.3,1.8,7,81.3,68.9,63.8,1
STU-00771,Anushka Das,16,Female,9th,Semester 2,5.3,6.8,5.7,7,82.8,82.2,75.0,1
STU-00772,Saanvi Nair,18,Female,Undergraduate,Semester 1,3.3,5.2,6.1,5,84.2,61.6,64.7,1
STU-00773,Muhammad Deshmukh,22,Male,Undergraduate,Semester 2,1.8,6.4,3.2,3,59.1,49.5,46.2,0
STU-00774,Kabir Reddy,16,Male,12th,Semester 2,1.0,4.7,2.4,2,81.6,57.6,47.9,0
STU-00775,Anika Nair,16,Female,12th,Semester 2,10.7,6.7,2.5,7,89.3,87.5,81.5,1
STU-00776,Pooja Joshi,18,Female,11th,Semester 1,4.9,9.1,2.8,7,79.9,74.0,61.8,1
STU-00777,Tara Choudhury,18,Female,12th,Semester 1,1.1,6.5,11.0,3,74.7,44.6,34.7,0
STU-00778,Kabir Choudhury,16,Male,12th,Semester 4,3.9,8.2,3.2,6,96.0,78.7,80.2,1
STU-00779,Arjun Nair,14,Male,9th,Semester 1,3.8,5.8,2.5,6,88.3,69.0,68.1,1
STU-00780,Meera Kulkarni,16,Female,10th,Semester 3,1.3,7.2,1.7,4,72.3,58.0,49.3,0
STU-00781,Khushi Sharma,15,Other,10th,Semester 1,4.0,6.9,1.3,6,79.0,66.2,77.8,1
STU-00782,Ayaan Deshmukh,16,Male,10th,Semester 1,4.3,4.7,7.6,7,83.8,66.2,55.7,1
STU-00783,Aaryan Deshmukh,14,Male,10th,Semester 3,4.3,7.2,1.1,7,85.3,73.0,73.3,1
STU-00784,Aaryan Bose,14,Male,9th,Semester 3,1.4,6.9,1.5,4,76.8,53.6,37.7,0
STU-00785,Sai Deshmukh,16,Male,9th,Semester 3,6.8,6.0,7.8,7,83.3,75.5,64.0,1
STU-00786,Reyansh Deshmukh,18,Male,12th,Semester 3,2.2,7.4,6.9,4,89.0,57.7,45.3,0
STU-00787,Navya Kapoor,15,Female,9th,Semester 1,3.2,9.3,6.5,5,86.5,58.6,56.4,1
STU-00788,Tara Iyer,17,Female,12th,Semester 1,4.4,7.1,8.2,7,82.9,62.7,52.9,1
STU-00789,Anand Gupta,16,Male,9th,Semester 3,2.8,7.6,3.3,4,69.7,59.0,52.2,1
STU-00790,Aditya Mishra,18,Male,12th,Semester 2,0.8,6.7,1.8,2,82.8,54.5,43.6,0
STU-00791,Anushka Choudhury,16,Female,10th,Semester 2,1.9,8.0,0.7,4,80.3,72.0,64.8,1
STU-00792,Aanya Deshmukh,14,Female,10th,Semester 4,7.1,7.3,1.4,7,63.1,78.6,84.1,1
STU-00793,Khushi Kumar,18,Female,11th,Semester 4,1.1,7.0,8.5,3,87.9,44.7,30.2,0
STU-00794,Pranav Singh,19,Male,Undergraduate,Semester 1,2.3,6.9,2.1,5,78.9,60.6,44.2,0
STU-00795,Aaradhya Mehta,14,Female,9th,Semester 1,2.5,8.2,1.5,4,83.4,60.7,64.6,1
STU-00796,Vihaan Verma,15,Male,10th,Semester 3,2.4,6.3,1.7,5,68.3,57.7,47.4,0
STU-00797,Ayaan Verma,15,Male,10th,Semester 3,3.2,6.8,1.6,6,71.9,71.9,50.3,1
STU-00798,Aanya Kulkarni,15,Female,10th,Semester 1,1.7,9.0,2.6,3,97.8,61.1,44.8,0
STU-00799,Vivaan Rao,14,Male,9th,Semester 1,6.2,7.1,0.7,7,78.7,74.1,80.4,1
STU-00800,Sara Kapoor,21,Female,Undergraduate,Semester 4,2.5,8.3,3.9,4,75.1,56.6,47.6,0
STU-00801,Isha Kulkarni,16,Female,10th,Semester 1,4.6,6.1,3.9,7,81.6,71.7,69.6,1
STU-00802,Anika Rao,15,Female,10th,Semester 4,6.5,5.5,5.0,7,60.0,61.2,49.4,0
STU-00803,Riya Nair,15,Female,10th,Semester 2,2.4,7.2,3.9,5,98.8,68.1,68.1,1
STU-00804,Krishna Patel,21,Male,Undergraduate,Semester 2,1.2,7.6,1.9,2,77.0,55.5,49.7,0
STU-00805,Angel Singh,18,Female,11th,Semester 2,4.5,7.4,8.4,7,86.7,56.5,46.3,0
STU-00806,Anand Singh,16,Male,12th,Semester 1,4.7,7.7,3.3,7,82.2,68.1,73.0,1
STU-00807,Myra Kulkarni,14,Female,10th,Semester 4,0.9,8.6,3.0,2,89.2,60.5,47.9,0
STU-00808,Reyansh Chouhan,14,Male,10th,Semester 1,2.9,5.7,4.4,4,87.6,53.7,56.3,1
STU-00809,Navya Mehta,20,Other,Undergraduate,Semester 2,1.9,7.2,1.1,4,89.5,57.9,60.3,1
STU-00810,Rohan Chouhan,15,Male,9th,Semester 2,3.8,7.6,2.8,7,58.2,65.9,56.8,1
STU-00811,Pranav Mehta,17,Male,11th,Semester 1,1.7,7.9,2.1,4,94.2,72.0,56.4,1
STU-00812,Aanya Nair,17,Female,11th,Semester 3,4.3,6.4,3.4,6,78.0,66.6,68.0,1
STU-00813,Anika Iyer,18,Female,Undergraduate,Semester 3,1.1,7.2,8.1,2,55.0,42.5,30.2,0
STU-00814,Dev Deshmukh,19,Male,Undergraduate,Semester 4,5.0,6.9,2.6,7,65.2,76.7,65.9,1
STU-00815,Aaryan Nair,14,Male,9th,Semester 1,4.3,7.5,5.2,6,93.7,67.4,63.5,1
STU-00816,Anand Rao,16,Male,9th,Semester 3,5.1,6.6,3.3,7,62.7,63.5,52.3,1
STU-00817,Vihaan Iyer,18,Male,Undergraduate,Semester 2,2.7,7.5,3.6,5,85.3,69.3,61.9,1
STU-00818,Aarav Nair,16,Male,12th,Semester 2,10.4,9.3,4.9,7,57.9,76.1,61.6,1
STU-00819,Khushi Chouhan,14,Female,10th,Semester 3,2.8,8.9,0.9,5,74.0,55.8,52.9,1
STU-00820,Anushka Kumar,14,Female,10th,Semester 4,2.6,6.9,7.8,5,73.8,65.4,40.7,0
STU-00821,Siddharth Iyer,16,Male,9th,Semester 1,5.2,7.7,8.7,7,91.0,52.9,53.1,1
STU-00822,Anand Gupta,21,Male,Undergraduate,Semester 2,2.1,7.4,3.2,5,92.3,68.5,66.0,1
STU-00823,Ayaan Bhat,21,Male,Undergraduate,Semester 4,2.7,7.2,2.5,5,90.8,65.9,61.2,1
STU-00824,Meera Chouhan,16,Female,9th,Semester 4,2.4,6.8,2.0,4,86.5,74.5,61.4,1
STU-00825,Arjun Iyer,16,Male,10th,Semester 2,4.9,8.0,1.6,7,81.1,66.9,63.8,1
STU-00826,Siddharth Banerjee,17,Male,11th,Semester 2,3.0,6.1,3.4,6,84.8,80.5,64.3,1
STU-00827,Kabir Chouhan,15,Male,9th,Semester 1,2.3,5.8,8.1,4,88.7,52.3,43.8,0
STU-00828,Saanvi Das,18,Female,Undergraduate,Semester 2,1.0,6.2,8.2,3,44.6,31.7,16.5,0
STU-00829,Aarav Joshi,15,Male,10th,Semester 1,2.2,6.8,2.4,5,79.8,62.7,52.1,1
STU-00830,Dev Singh,17,Male,12th,Semester 4,4.2,7.3,0.6,6,58.4,67.2,54.9,1
STU-00831,Aanya Nair,17,Female,12th,Semester 2,3.3,6.6,0.8,6,85.9,64.2,63.6,1
STU-00832,Ishaan Banerjee,14,Male,9th,Semester 4,1.1,10.0,7.2,2,86.1,48.4,47.3,0
STU-00833,Ishaan Das,16,Male,11th,Semester 4,2.2,7.4,3.9,5,93.8,70.1,56.7,1
STU-00834,Anushka Rao,16,Female,10th,Semester 4,7.6,4.9,4.6,7,84.3,78.4,70.4,1
STU-00835,Krishna Banerjee,16,Male,9th,Semester 3,1.0,6.8,3.4,2,75.0,57.0,51.5,1
STU-00836,Siddharth Joshi,16,Male,9th,Semester 1,3.1,5.8,0.5,5,70.5,63.0,45.9,0
STU-00837,Anushka Joshi,16,Female,10th,Semester 4,1.4,6.1,6.5,3,89.5,59.2,44.8,0
STU-00838,Muhammad Sharma,15,Male,10th,Semester 4,6.9,7.1,2.5,7,81.2,75.0,73.4,1
STU-00839,Saanvi Deshmukh,18,Female,Undergraduate,Semester 3,0.8,7.1,4.5,3,77.0,47.8,48.4,0
STU-00840,Dev Das,15,Male,10th,Semester 4,1.8,4.0,1.4,4,98.0,76.7,64.4,1
STU-00841,Ayaan Patel,14,Male,9th,Semester 2,0.7,7.6,4.4,2,81.4,48.8,30.6,0
STU-00842,Pari Verma,16,Female,11th,Semester 2,2.4,6.2,4.3,5,74.5,61.6,49.4,0
STU-00843,Pooja Reddy,17,Female,12th,Semester 4,1.9,7.6,4.0,3,85.4,49.0,58.8,1
STU-00844,Navya Kumar,22,Female,Undergraduate,Semester 4,3.6,8.7,2.7,6,65.9,56.5,54.2,1
STU-00845,Aadhya Choudhury,17,Female,12th,Semester 1,5.8,6.8,2.6,7,87.1,83.4,80.0,1
STU-00846,Pooja Iyer,14,Female,10th,Semester 4,3.8,7.5,1.1,6,79.2,62.6,64.5,1
STU-00847,Vihaan Nair,16,Male,10th,Semester 1,9.6,5.9,6.1,7,77.4,82.3,90.7,1
STU-00848,Aanya Reddy,21,Female,Undergraduate,Semester 3,8.2,6.1,1.8,7,77.9,87.6,71.3,1
STU-00849,Rohan Gupta,16,Male,11th,Semester 2,2.1,7.2,2.6,5,88.5,62.2,69.1,1
STU-00850,Advaith Mehta,15,Male,10th,Semester 3,3.8,8.4,2.0,6,50.6,71.4,53.9,1
STU-00851,Aditya Iyer,14,Male,10th,Semester 1,6.7,6.1,5.0,7,70.4,78.6,71.8,1
STU-00852,Arjun Iyer,14,Male,10th,Semester 1,3.6,6.8,3.1,6,94.1,75.4,64.3,1
STU-00853,Ayaan Banerjee,22,Male,Undergraduate,Semester 2,6.5,4.7,1.6,7,85.6,80.6,73.5,1
STU-00854,Sai Verma,16,Male,9th,Semester 1,4.6,7.1,5.9,7,66.2,49.9,60.2,1
STU-00855,Vihaan Nair,18,Male,11th,Semester 2,1.7,5.8,10.5,4,87.5,55.8,44.2,0
STU-00856,Reyansh Joshi,17,Male,12th,Semester 1,2.0,6.8,3.5,4,72.2,66.6,60.7,1
STU-00857,Isha Mishra,16,Female,11th,Semester 3,1.6,7.4,2.4,4,57.0,46.1,42.9,0
STU-00858,Tara Bhat,16,Female,12th,Semester 2,6.1,6.9,1.8,7,55.9,55.2,51.6,1
STU-00859,Riya Gupta,16,Female,10th,Semester 1,6.3,5.2,1.6,7,66.3,78.6,64.6,1
STU-00860,Vivaan Choudhury,16,Male,9th,Semester 4,4.9,8.4,1.9,7,87.1,76.8,75.4,1
STU-00861,Khushi Bose,15,Female,9th,Semester 3,1.1,5.5,2.4,2,64.9,48.0,39.9,0
STU-00862,Tara Patel,14,Female,9th,Semester 2,4.2,5.8,4.9,7,94.7,66.4,64.5,1
STU-00863,Anushka Banerjee,16,Female,11th,Semester 4,3.8,7.3,1.9,7,62.0,56.6,37.9,0
STU-00864,Aadhya Kumar,16,Female,11th,Semester 1,1.4,6.9,4.7,3,76.1,44.6,42.3,0
STU-00865,Ayaan Banerjee,16,Male,9th,Semester 3,0.7,6.4,11.0,2,81.6,42.0,35.3,0
STU-00866,Avani Das,16,Female,12th,Semester 2,3.1,4.9,3.4,5,74.8,62.2,59.1,1
STU-00867,Sneha Patel,17,Female,11th,Semester 4,2.6,7.1,5.8,5,95.7,68.1,57.4,1
STU-00868,Dev Banerjee,16,Male,10th,Semester 4,1.3,8.3,3.0,4,74.0,42.6,35.6,0
STU-00869,Tara Verma,14,Female,9th,Semester 1,2.7,5.1,3.4,5,79.4,45.9,42.6,0
STU-00870,Sai Singh,14,Male,9th,Semester 3,0.7,8.2,1.9,2,76.5,63.4,54.6,1
STU-00871,Aaryan Kumar,17,Male,11th,Semester 4,2.9,6.6,2.4,4,92.6,56.2,49.4,0
STU-00872,Avani Kapoor,18,Female,Undergraduate,Semester 4,2.1,6.9,5.1,5,87.4,54.2,46.8,0
STU-00873,Sneha Malhotra,18,Female,11th,Semester 4,1.3,8.0,5.0,4,69.3,53.0,42.1,0
STU-00874,Shaurya Verma,17,Male,11th,Semester 1,3.6,7.6,7.3,6,77.5,59.4,53.0,1
STU-00875,Reyansh Bhat,19,Male,Undergraduate,Semester 1,1.1,6.4,4.4,2,70.6,50.2,47.9,0
STU-00876,Khushi Kulkarni,16,Female,12th,Semester 2,3.5,6.7,3.8,5,84.5,61.2,58.9,1
STU-00877,Ishaan Mehta,17,Male,11th,Semester 4,5.4,8.3,3.8,7,77.5,55.0,63.3,1
STU-00878,Anand Sharma,16,Male,9th,Semester 4,5.7,7.2,2.8,7,90.5,72.9,70.7,1
STU-00879,Aditya Nair,18,Male,11th,Semester 1,0.5,4.7,5.2,2,69.3,30.1,28.7,0
STU-00880,Dhruv Deshmukh,16,Male,11th,Semester 1,5.5,9.9,2.1,7,88.2,68.1,71.9,1
STU-00881,Kabir Choudhury,15,Male,10th,Semester 2,3.8,7.4,2.3,7,63.8,74.6,59.5,1
STU-00882,Anika Sharma,20,Female,Undergraduate,Semester 3,2.2,7.4,2.9,5,85.1,75.2,64.9,1
STU-00883,Kavya Mehta,17,Female,12th,Semester 3,3.0,7.4,2.0,6,84.4,55.9,54.5,1
STU-00884,Myra Deshmukh,19,Female,Undergraduate,Semester 3,3.3,9.2,2.5,6,59.8,51.4,52.9,1
STU-00885,Sneha Rao,17,Female,12th,Semester 2,5.4,8.7,3.5,7,84.4,63.2,62.3,1
STU-00886,Angel Das,20,Female,Undergraduate,Semester 1,3.6,7.9,3.0,6,74.7,71.0,62.5,1
STU-00887,Advik Das,21,Male,Undergraduate,Semester 2,5.7,6.2,1.8,7,86.7,84.7,67.0,1
STU-00888,Saanvi Bose,15,Female,10th,Semester 1,5.4,7.0,2.7,7,55.2,69.1,62.8,1
STU-00889,Vivaan Gupta,16,Male,11th,Semester 3,6.7,5.9,3.7,7,75.1,81.3,76.8,1
STU-00890,Khushi Malhotra,18,Female,11th,Semester 4,3.7,8.1,1.7,5,87.1,69.5,75.3,1
STU-00891,Saanvi Kapoor,15,Female,10th,Semester 3,1.7,5.5,6.7,4,86.5,62.6,42.1,0
STU-00892,Navya Joshi,19,Female,Undergraduate,Semester 3,2.3,7.7,4.7,5,58.1,49.1,38.6,0
STU-00893,Ayaan Singh,15,Male,10th,Semester 4,3.4,4.6,6.4,5,53.3,44.3,39.5,0
STU-00894,Pranav Banerjee,14,Male,10th,Semester 3,6.3,6.0,3.9,7,87.6,85.0,83.5,1
STU-00895,Navya Chouhan,22,Female,Undergraduate,Semester 3,3.6,7.7,3.6,6,82.1,73.1,71.3,1
STU-00896,Isha Nair,14,Female,10th,Semester 1,5.9,9.6,0.5,7,71.4,71.6,60.7,1
STU-00897,Muhammad Bhat,16,Male,11th,Semester 3,4.0,5.2,3.7,6,71.2,83.6,54.6,1
STU-00898,Khushi Sharma,16,Female,12th,Semester 2,4.8,6.2,2.0,7,87.3,72.3,74.1,1
STU-00899,Anushka Verma,18,Female,11th,Semester 4,1.8,9.1,1.9,4,94.5,59.5,55.9,1
STU-00900,Avani Kapoor,21,Female,Undergraduate,Semester 1,9.4,8.6,0.8,7,73.7,77.0,72.9,1
STU-00901,Vihaan Bose,14,Male,9th,Semester 2,4.8,6.1,1.3,7,76.9,61.3,63.6,1
STU-00902,Meera Chouhan,20,Female,Undergraduate,Semester 4,1.5,8.0,3.2,4,81.4,54.9,52.8,1
STU-00903,Sai Mehta,18,Male,Undergraduate,Semester 3,6.6,7.7,7.0,7,75.2,70.2,46.0,0
STU-00904,Anushka Chouhan,16,Female,12th,Semester 3,4.6,8.4,1.1,7,75.0,78.2,71.2,1
STU-00905,Pooja Chouhan,16,Female,11th,Semester 1,2.3,8.6,8.9,4,55.2,37.5,24.2,0
STU-00906,Sneha Nair,14,Female,9th,Semester 2,6.8,8.6,2.9,7,83.4,81.3,80.4,1
STU-00907,Avani Kumar,18,Female,12th,Semester 2,5.3,8.6,2.8,7,89.4,72.8,62.5,1
STU-00908,Riya Bhat,20,Female,Undergraduate,Semester 2,6.1,7.5,1.8,7,89.5,78.2,81.2,1
STU-00909,Dev Joshi,16,Male,9th,Semester 1,2.6,6.4,1.8,4,90.5,53.9,57.3,1
STU-00910,Aaryan Malhotra,15,Male,10th,Semester 2,6.4,5.4,11.0,7,90.2,71.4,65.6,1
STU-00911,Aditya Chouhan,15,Male,10th,Semester 2,3.7,6.9,3.2,6,89.6,64.4,67.9,1
STU-00912,Priyanka Deshmukh,18,Female,Undergraduate,Semester 1,1.7,7.3,5.5,3,79.3,57.8,52.5,1
STU-00913,Sneha Mehta,21,Female,Undergraduate,Semester 1,4.9,7.2,4.9,7,94.1,76.2,70.7,1
STU-00914,Sara Bhat,15,Female,10th,Semester 4,1.9,7.4,2.5,3,60.7,44.9,43.7,0
STU-00915,Kabir Choudhury,16,Male,12th,Semester 4,3.0,7.1,3.1,5,76.2,49.4,39.7,0
STU-00916,Angel Iyer,15,Female,10th,Semester 1,1.7,6.0,1.0,4,71.1,51.0,49.0,0
STU-00917,Aaradhya Choudhury,16,Female,9th,Semester 4,2.5,9.1,7.1,5,95.9,70.6,54.5,1
STU-00918,Kavya Sharma,18,Female,12th,Semester 1,3.7,5.1,7.0,6,57.2,58.4,40.2,0
STU-00919,Vivaan Kapoor,17,Male,12th,Semester 1,2.2,5.5,4.4,5,89.3,65.9,54.3,1
STU-00920,Vihaan Mishra,18,Male,12th,Semester 1,3.9,6.0,4.8,7,69.8,58.3,53.7,1
STU-00921,Krishna Iyer,18,Male,Undergraduate,Semester 1,1.6,4.0,1.6,4,89.5,64.1,51.7,1
STU-00922,Sneha Sharma,18,Female,12th,Semester 3,2.6,6.6,6.3,5,94.0,57.7,54.7,1
STU-00923,Kavya Choudhury,15,Female,10th,Semester 1,1.5,7.3,3.8,3,90.9,58.6,63.5,1
STU-00924,Avani Malhotra,16,Female,9th,Semester 4,3.3,7.7,4.2,6,84.8,68.9,65.4,1
STU-00925,Myra Singh,15,Female,10th,Semester 3,4.3,6.7,2.4,6,79.2,77.9,56.4,1
STU-00926,Muhammad Joshi,15,Male,9th,Semester 3,2.4,6.1,5.0,4,86.3,61.2,51.3,1
STU-00927,Myra Banerjee,16,Female,12th,Semester 4,2.9,5.9,4.0,5,93.7,68.2,54.7,1
STU-00928,Aaryan Reddy,17,Male,12th,Semester 3,3.0,6.6,3.6,6,93.0,70.0,70.5,1
STU-00929,Aanya Banerjee,18,Female,12th,Semester 4,4.3,7.3,0.9,7,94.1,74.1,82.6,1
STU-00930,Pari Singh,19,Female,Undergraduate,Semester 4,1.3,8.3,3.3,4,78.2,49.6,58.3,1
STU-00931,Rohan Iyer,14,Male,9th,Semester 1,7.4,8.8,3.1,7,84.6,79.2,84.2,1
STU-00932,Ishaan Sharma,16,Male,11th,Semester 3,5.2,7.9,5.2,7,76.7,61.2,68.5,1
STU-00933,Sara Bhat,22,Female,Undergraduate,Semester 1,2.1,8.2,3.5,5,70.9,66.2,48.8,0
STU-00934,Meera Kulkarni,18,Female,12th,Semester 3,3.1,6.5,1.3,6,73.1,70.9,55.5,1
STU-00935,Meera Verma,18,Female,11th,Semester 3,2.7,6.9,1.3,5,76.3,67.4,43.3,0
STU-00936,Avani Kapoor,14,Female,9th,Semester 4,2.0,4.7,2.9,4,76.0,53.9,40.5,0
STU-00937,Tanvi Joshi,17,Female,11th,Semester 4,3.5,7.2,7.2,5,83.9,64.8,56.7,1
STU-00938,Anushka Singh,15,Female,10th,Semester 3,5.1,7.5,1.4,7,83.7,81.6,77.7,1
STU-00939,Angel Gupta,22,Female,Undergraduate,Semester 1,2.0,5.4,1.7,3,68.0,55.7,46.6,0
STU-00940,Diya Rao,17,Female,12th,Semester 4,1.7,4.7,6.7,3,47.2,38.9,27.8,0
STU-00941,Angel Sharma,20,Female,Undergraduate,Semester 2,8.2,5.8,1.0,7,72.9,81.7,74.1,1
STU-00942,Dev Joshi,21,Male,Undergraduate,Semester 1,6.9,7.4,6.3,7,84.7,83.0,71.9,1
STU-00943,Ayaan Verma,18,Male,11th,Semester 2,5.1,6.4,7.5,7,61.6,53.2,42.3,0
STU-00944,Pari Kapoor,15,Female,10th,Semester 4,3.8,5.9,5.6,6,83.2,57.8,51.5,1
STU-00945,Riya Bose,22,Female,Undergraduate,Semester 3,1.7,6.8,10.0,4,85.8,53.5,46.5,0
STU-00946,Tanvi Reddy,22,Female,Undergraduate,Semester 3,10.3,6.3,5.1,7,83.8,90.5,85.9,1
STU-00947,Siddharth Joshi,16,Male,10th,Semester 3,3.5,6.6,3.8,5,93.2,66.7,55.8,1
STU-00948,Diya Iyer,17,Female,11th,Semester 4,3.1,7.7,4.4,6,80.5,52.6,60.4,1
STU-00949,Advik Choudhury,14,Male,9th,Semester 3,2.4,7.7,3.6,4,81.8,73.3,73.3,1
STU-00950,Pranav Kumar,18,Male,12th,Semester 1,1.9,5.2,3.9,3,66.4,57.7,43.0,0
STU-00951,Aanya Malhotra,16,Female,12th,Semester 2,2.7,5.8,1.5,5,84.8,64.7,54.5,1
STU-00952,Rohan Rao,21,Male,Undergraduate,Semester 4,5.5,9.3,0.6,7,85.1,81.4,73.7,1
STU-00953,Aaradhya Chouhan,16,Female,9th,Semester 2,4.7,8.9,3.8,7,76.3,71.6,65.5,1
STU-00954,Ishaan Nair,18,Male,12th,Semester 4,2.8,9.0,2.5,4,87.9,59.6,67.9,1
STU-00955,Advaith Rao,16,Male,12th,Semester 3,3.5,5.9,1.5,5,63.3,53.2,43.4,0
STU-00956,Aarav Verma,17,Male,11th,Semester 1,3.9,6.8,6.1,7,57.0,64.8,46.9,0
STU-00957,Priyanka Choudhury,14,Female,9th,Semester 2,1.3,8.1,3.0,4,92.1,63.0,54.5,1
STU-00958,Tara Singh,17,Female,12th,Semester 1,6.6,5.8,0.5,7,72.9,77.9,68.8,1
STU-00959,Vihaan Deshmukh,14,Male,10th,Semester 3,7.1,7.4,11.0,7,75.5,48.4,51.9,1
STU-00960,Advik Patel,17,Male,11th,Semester 4,4.4,5.9,3.5,6,88.2,67.3,65.2,1
STU-00961,Pari Singh,17,Female,12th,Semester 2,2.4,7.4,1.6,4,74.4,56.9,47.9,0
STU-00962,Dhruv Sharma,18,Male,11th,Semester 3,3.7,7.6,1.9,6,83.9,75.5,79.8,1
STU-00963,Anushka Kumar,18,Female,11th,Semester 4,4.2,6.9,2.8,7,74.6,57.8,60.3,1
STU-00964,Reyansh Mehta,18,Male,11th,Semester 3,3.1,7.8,3.4,6,95.6,73.8,65.3,1
STU-00965,Angel Banerjee,17,Female,11th,Semester 1,1.1,6.7,7.2,3,75.9,56.0,42.6,0
STU-00966,Navya Reddy,14,Female,10th,Semester 4,2.2,6.5,2.3,5,73.0,74.5,57.2,1
STU-00967,Krishna Rao,16,Male,11th,Semester 4,3.2,7.9,3.5,6,68.6,58.8,53.6,1
STU-00968,Isha Malhotra,16,Female,10th,Semester 2,2.2,7.9,8.4,5,74.1,42.8,40.6,0
STU-00969,Aanya Mishra,14,Female,10th,Semester 3,1.7,6.6,5.1,3,83.0,59.1,65.9,1
STU-00970,Aaryan Rao,14,Male,9th,Semester 2,7.0,5.8,1.4,7,72.5,69.9,65.2,1
STU-00971,Isha Banerjee,18,Female,12th,Semester 1,3.6,8.1,5.6,5,92.0,77.9,65.6,1
STU-00972,Aaradhya Kulkarni,14,Female,9th,Semester 4,4.3,9.0,7.8,6,81.4,67.6,50.9,1
STU-00973,Ayaan Malhotra,18,Male,11th,Semester 3,3.6,5.7,1.5,5,88.4,66.9,66.4,1
STU-00974,Sai Bhat,18,Male,12th,Semester 2,2.2,6.9,8.2,4,84.6,52.7,36.8,0
STU-00975,Aditya Bhat,18,Male,11th,Semester 2,3.8,7.4,0.9,7,84.2,80.2,80.1,1
STU-00976,Diya Verma,18,Female,12th,Semester 1,4.5,6.4,4.0,7,80.6,73.7,70.4,1
STU-00977,Reyansh Joshi,22,Male,Undergraduate,Semester 2,3.8,7.5,1.0,6,98.6,76.8,78.3,1
STU-00978,Pari Joshi,19,Female,Undergraduate,Semester 1,3.0,6.8,4.6,6,81.2,47.4,46.8,0
STU-00979,Sai Singh,21,Male,Undergraduate,Semester 3,4.8,8.6,3.3,7,60.1,56.9,55.3,1
STU-00980,Tara Mishra,19,Female,Undergraduate,Semester 2,3.8,6.5,4.6,7,82.7,65.2,55.5,1
STU-00981,Khushi Mehta,18,Female,Undergraduate,Semester 3,2.7,8.9,2.7,4,77.9,55.2,60.9,1
STU-00982,Anushka Kulkarni,16,Female,10th,Semester 3,5.2,8.0,3.9,7,75.7,67.3,61.2,1
STU-00983,Atharv Bhat,17,Male,12th,Semester 4,2.8,7.3,4.3,5,97.2,73.2,71.2,1
STU-00984,Sai Patel,15,Male,10th,Semester 1,1.0,7.2,3.9,3,84.0,60.8,61.8,1
STU-00985,Sara Bhat,22,Female,Undergraduate,Semester 1,4.1,7.7,5.8,7,93.0,60.1,61.4,1
STU-00986,Aditya Deshmukh,17,Male,11th,Semester 1,3.0,7.8,3.8,5,74.8,66.0,60.3,1
STU-00987,Advik Nair,14,Male,9th,Semester 3,1.6,7.0,2.1,4,40.0,36.8,37.0,0
STU-00988,Kabir Bhat,17,Male,12th,Semester 4,2.8,5.7,5.4,5,73.2,65.5,51.2,1
STU-00989,Arnav Sharma,16,Male,10th,Semester 4,3.7,7.1,3.9,5,93.1,56.0,58.3,1
STU-00990,Aanya Sharma,15,Female,9th,Semester 3,3.3,6.3,3.0,5,92.5,81.5,60.5,1
STU-00991,Diya Reddy,16,Female,10th,Semester 3,3.9,7.3,8.2,7,79.0,60.1,62.1,1
STU-00992,Pari Das,16,Female,10th,Semester 1,3.7,7.7,2.6,5,65.7,56.5,50.4,1
STU-00993,Riya Deshmukh,15,Female,9th,Semester 4,3.3,7.8,6.3,5,94.5,68.3,61.2,1
STU-00994,Diya Gupta,18,Female,11th,Semester 3,1.4,9.1,1.2,3,81.8,58.9,47.8,0
STU-00995,Angel Choudhury,16,Female,12th,Semester 1,2.6,5.7,0.7,4,74.5,66.4,50.0,1
STU-00996,Kabir Bhat,18,Male,12th,Semester 2,4.7,7.6,3.0,7,74.4,76.7,70.1,1
STU-00997,Aarav Mishra,21,Male,Undergraduate,Semester 4,3.8,5.5,4.3,6,64.3,49.1,47.5,0
STU-00998,Tara Sharma,17,Female,11th,Semester 3,8.6,4.8,2.4,7,77.6,82.7,72.0,1
STU-00999,Dhruv Mehta,16,Male,12th,Semester 4,11.5,6.8,2.5,7,82.1,86.2,95.9,1
STU-01000,Khushi Kulkarni,18,Female,11th,Semester 3,4.6,7.6,2.3,7,62.1,59.2,65.8,1
STU-01001,Tanvi Reddy,14,Female,10th,Semester 4,3.4,7.1,3.8,5,71.6,64.7,63.9,1
STU-01002,Rohan Reddy,16,Male,9th,Semester 1,2.3,6.8,2.3,5,85.2,71.2,64.9,1
STU-01003,Saanvi Malhotra,21,Female,Undergraduate,Semester 4,2.2,7.9,1.6,4,92.8,75.7,76.6,1
STU-01004,Saanvi Kulkarni,16,Female,9th,Semester 2,1.9,8.7,1.1,3,53.1,49.2,45.3,0
STU-01005,Isha Mehta,16,Female,11th,Semester 3,1.2,5.5,2.9,3,85.9,60.9,61.4,1
STU-01006,Aditya Singh,22,Male,Undergraduate,Semester 1,4.1,7.5,1.0,7,82.8,62.5,59.4,1
STU-01007,Arjun Mishra,17,Male,11th,Semester 4,4.1,5.9,0.7,6,50.6,63.9,50.8,1
STU-01008,Diya Joshi,19,Female,Undergraduate,Semester 4,2.2,6.6,3.7,4,75.2,55.0,55.1,1
STU-01009,Navya Iyer,20,Female,Undergraduate,Semester 1,5.2,8.3,2.9,7,86.5,63.7,57.1,1
STU-01010,Advaith Iyer,19,Male,Undergraduate,Semester 1,1.9,6.3,2.1,4,83.8,60.7,57.4,1
STU-01011,Sai Mishra,16,Male,10th,Semester 1,3.9,6.0,1.1,7,56.9,53.4,48.2,0
STU-01012,Avani Rao,18,Female,Undergraduate,Semester 1,3.1,7.7,5.9,5,83.0,53.0,45.3,0
STU-01013,Kabir Reddy,15,Male,10th,Semester 4,1.8,6.3,1.3,3,88.3,64.5,67.6,1
STU-01014,Sneha Iyer,16,Female,10th,Semester 2,2.6,6.6,1.8,5,59.9,55.2,40.2,0
STU-01015,Angel Verma,20,Female,Undergraduate,Semester 1,5.8,7.6,2.8,7,58.2,59.5,56.2,1
STU-01016,Meera Iyer,17,Female,11th,Semester 3,6.6,6.2,2.2,7,84.5,81.9,81.5,1
STU-01017,Krishna Rao,16,Male,12th,Semester 1,3.7,7.1,4.8,5,42.5,36.1,29.9,0
STU-01018,Priyanka Gupta,18,Female,12th,Semester 1,2.3,5.5,5.2,4,82.1,50.5,42.6,0
STU-01019,Tanvi Kumar,14,Female,10th,Semester 4,3.5,5.7,3.7,5,50.9,57.6,50.4,1
STU-01020,Meera Nair,18,Female,11th,Semester 3,1.9,8.4,1.4,4,87.8,67.3,57.6,1
STU-01021,Arjun Mehta,18,Male,12th,Semester 2,2.7,4.6,6.1,4,73.4,52.6,44.2,0
STU-01022,Pooja Sharma,14,Female,10th,Semester 4,2.6,6.3,4.6,5,67.8,49.6,53.1,1
STU-01023,Ishaan Iyer,16,Male,10th,Semester 1,5.1,7.3,5.4,7,80.9,55.5,57.0,1
STU-01024,Tanvi Deshmukh,19,Female,Undergraduate,Semester 2,2.7,8.0,2.8,4,85.3,62.4,62.8,1
STU-01025,Dev Malhotra,21,Male,Undergraduate,Semester 1,4.4,6.5,5.1,7,83.3,74.0,72.0,1
STU-01026,Anand Deshmukh,14,Male,10th,Semester 3,4.9,7.1,2.7,7,88.0,70.9,65.3,1
STU-01027,Arnav Chouhan,17,Male,12th,Semester 2,2.1,8.5,4.2,4,56.9,43.3,43.3,0
STU-01028,Sneha Nair,15,Female,9th,Semester 4,3.6,6.0,1.4,5,95.3,84.4,66.1,1
STU-01029,Aaradhya Gupta,15,Female,10th,Semester 2,1.7,7.5,8.7,3,72.0,34.0,33.5,0
STU-01030,Shaurya Rao,16,Male,12th,Semester 4,3.6,7.1,4.3,6,93.0,73.3,72.6,1
STU-01031,Isha Gupta,22,Female,Undergraduate,Semester 1,1.4,7.8,8.5,3,55.1,39.9,23.4,0
STU-01032,Rohan Rao,14,Male,10th,Semester 2,4.7,8.3,4.5,7,82.4,79.3,60.3,1
STU-01033,Diya Mishra,15,Female,9th,Semester 4,1.3,8.1,2.6,4,81.3,55.1,51.2,1
STU-01034,Arjun Bose,18,Male,12th,Semester 1,1.0,6.6,1.5,2,75.8,56.6,49.8,0
STU-01035,Anand Iyer,18,Male,11th,Semester 2,3.0,8.6,2.8,5,86.4,64.2,48.1,0
STU-01036,Pooja Kumar,18,Female,12th,Semester 2,4.7,5.7,0.5,7,94.0,75.3,62.0,1
STU-01037,Ananya Singh,16,Female,11th,Semester 3,2.9,8.4,2.9,4,67.7,56.0,51.4,1
STU-01038,Dev Gupta,17,Male,12th,Semester 1,3.0,6.6,1.8,5,66.8,56.6,51.3,1
STU-01039,Isha Bhat,16,Female,12th,Semester 2,3.0,8.9,1.3,5,79.1,67.5,56.1,1
STU-01040,Ishaan Reddy,21,Male,Undergraduate,Semester 4,3.7,7.3,4.1,6,96.1,64.5,72.6,1
STU-01041,Aditya Iyer,18,Male,11th,Semester 4,2.6,5.5,6.9,4,85.7,55.1,49.7,0
STU-01042,Myra Singh,15,Female,10th,Semester 3,4.0,8.0,2.6,6,72.6,53.7,61.5,1
STU-01043,Aaryan Singh,21,Male,Undergraduate,Semester 3,7.5,8.2,3.1,7,79.7,84.7,76.0,1
STU-01044,Aditya Singh,18,Male,11th,Semester 2,4.9,6.4,2.3,7,87.1,84.8,73.7,1
STU-01045,Sai Kapoor,17,Male,12th,Semester 1,2.5,5.2,5.2,4,67.5,56.1,41.3,0
STU-01046,Sneha Kumar,21,Female,Undergraduate,Semester 3,3.8,6.5,2.7,6,92.2,67.8,69.1,1
STU-01047,Khushi Gupta,19,Female,Undergraduate,Semester 4,3.2,4.8,2.3,6,71.6,54.9,49.9,0
STU-01048,Kavya Malhotra,14,Female,9th,Semester 2,6.1,7.3,4.8,7,62.7,62.9,52.5,1
STU-01049,Isha Chouhan,16,Female,11th,Semester 2,2.2,6.7,6.4,5,93.5,54.9,48.7,0
STU-01050,Ishaan Bose,22,Male,Undergraduate,Semester 1,2.7,6.8,2.2,4,81.3,61.8,49.6,0
STU-01051,Anand Nair,15,Male,10th,Semester 2,7.6,7.3,0.8,7,85.7,84.3,75.6,1
STU-01052,Aditya Banerjee,20,Male,Undergraduate,Semester 3,2.4,6.9,5.3,5,68.1,59.9,46.7,0
STU-01053,Reyansh Rao,14,Male,9th,Semester 4,7.0,7.7,0.7,7,89.7,73.2,73.8,1
STU-01054,Aaryan Bhat,15,Male,10th,Semester 3,5.6,8.3,1.4,7,79.7,80.3,69.7,1
STU-01055,Arjun Das,14,Male,10th,Semester 2,7.4,6.0,6.6,7,62.9,62.4,56.4,1
STU-01056,Siddharth Chouhan,16,Male,10th,Semester 3,12.0,6.8,2.4,7,75.4,99.0,96.8,1
STU-01057,Dhruv Bhat,14,Male,10th,Semester 2,2.3,5.7,1.2,5,73.0,76.0,66.5,1
STU-01058,Khushi Sharma,15,Female,10th,Semester 4,1.5,8.3,6.4,4,96.2,73.3,60.5,1
STU-01059,Aanya Choudhury,14,Female,9th,Semester 2,3.6,5.2,3.2,6,93.5,73.2,61.3,1
STU-01060,Diya Verma,16,Female,11th,Semester 4,2.5,7.6,2.2,5,87.1,71.0,63.3,1
STU-01061,Dev Patel,18,Male,12th,Semester 2,2.4,8.4,4.0,4,68.2,57.6,48.8,0
STU-01062,Vihaan Singh,15,Male,10th,Semester 2,3.7,7.3,4.2,5,73.6,72.6,65.9,1
STU-01063,Aadhya Nair,15,Female,10th,Semester 4,2.7,5.6,1.7,5,87.6,57.2,58.4,1
STU-01064,Kavya Bhat,15,Female,10th,Semester 3,5.9,6.3,1.2,7,79.4,81.7,76.6,1
STU-01065,Aadhya Banerjee,16,Female,9th,Semester 3,4.4,8.7,2.0,7,88.4,75.3,64.1,1
STU-01066,Aaradhya Patel,16,Female,9th,Semester 1,4.0,5.2,3.9,6,45.2,56.8,44.0,0
STU-01067,Riya Deshmukh,16,Female,11th,Semester 2,6.1,7.9,0.9,7,76.9,69.7,63.9,1
STU-01068,Aaradhya Mishra,18,Female,11th,Semester 2,2.8,7.8,2.1,5,86.2,66.5,57.3,1
STU-01069,Isha Sharma,18,Female,12th,Semester 3,3.4,7.1,5.9,6,88.1,62.4,56.4,1
STU-01070,Ishaan Rao,17,Male,12th,Semester 2,3.1,6.2,2.2,5,83.7,64.9,49.8,0
STU-01071,Isha Sharma,16,Female,12th,Semester 4,3.5,6.2,7.5,5,74.2,59.7,56.7,1
STU-01072,Diya Rao,16,Female,9th,Semester 4,4.2,8.9,5.8,7,92.4,61.6,60.3,1
STU-01073,Muhammad Mishra,16,Male,9th,Semester 2,5.9,9.3,3.3,7,73.2,71.6,57.7,1
STU-01074,Anand Mehta,16,Male,11th,Semester 4,7.3,5.9,8.7,7,87.8,74.0,66.4,1
STU-01075,Aditya Singh,16,Male,12th,Semester 4,6.4,9.1,4.6,7,65.9,64.8,65.8,1
STU-01076,Aaradhya Choudhury,18,Female,11th,Semester 4,1.3,6.0,1.4,4,89.2,76.3,55.8,1
STU-01077,Saanvi Das,18,Other,12th,Semester 1,4.0,7.6,4.3,7,40.0,50.2,46.5,0
STU-01078,Advaith Kumar,17,Male,12th,Semester 2,3.7,9.2,2.5,6,64.5,52.8,45.7,0
STU-01079,Reyansh Patel,17,Male,11th,Semester 3,5.6,5.9,1.8,7,80.8,78.7,74.9,1
STU-01080,Muhammad Singh,18,Male,Undergraduate,Semester 4,1.7,5.8,2.6,4,61.6,58.2,47.9,0
STU-01081,Anushka Nair,17,Female,12th,Semester 2,0.7,7.3,2.2,3,65.5,53.9,41.2,0
STU-01082,Saanvi Bhat,17,Female,12th,Semester 1,2.6,4.8,1.1,5,83.0,55.5,48.5,0
STU-01083,Dev Sharma,18,Male,11th,Semester 2,4.7,5.3,6.5,7,59.5,62.9,43.2,0
STU-01084,Anushka Rao,14,Female,10th,Semester 2,3.7,5.6,7.8,5,79.5,60.8,43.7,0
STU-01085,Aarav Mishra,15,Male,10th,Semester 2,1.7,7.0,8.3,4,77.5,54.5,30.0,0
STU-01086,Isha Mishra,16,Female,11th,Semester 3,6.2,7.6,0.9,7,68.5,69.8,73.7,1
STU-01087,Shaurya Mishra,15,Male,10th,Semester 4,4.0,7.3,4.6,7,83.1,75.6,71.0,1
STU-01088,Muhammad Chouhan,18,Male,Undergraduate,Semester 1,1.2,7.5,1.5,2,93.3,71.4,64.4,1
STU-01089,Kabir Kulkarni,18,Male,Undergraduate,Semester 4,8.0,8.9,6.9,7,86.6,60.2,63.3,1
STU-01090,Kavya Singh,15,Female,9th,Semester 4,4.7,9.6,4.7,7,58.1,46.3,40.8,0
STU-01091,Sara Kapoor,22,Female,Undergraduate,Semester 1,0.7,5.3,6.8,2,70.4,46.4,33.5,0
STU-01092,Atharv Choudhury,14,Male,9th,Semester 2,1.8,7.2,3.9,4,63.3,41.3,40.8,0
STU-01093,Sai Choudhury,17,Male,12th,Semester 4,1.8,8.0,1.2,4,45.0,45.1,44.0,0
STU-01094,Sai Verma,16,Male,10th,Semester 2,4.9,6.7,5.5,7,71.0,52.5,52.9,1
STU-01095,Vivaan Sharma,14,Male,10th,Semester 3,7.2,8.3,5.4,7,81.9,64.4,58.9,1
STU-01096,Aaradhya Mishra,17,Female,11th,Semester 2,7.4,6.0,0.7,7,56.5,75.5,69.6,1
STU-01097,Pari Sharma,17,Female,11th,Semester 2,3.5,6.2,2.0,6,90.7,70.3,61.7,1
STU-01098,Arnav Bose,17,Male,12th,Semester 1,3.8,6.4,3.9,6,80.8,61.5,57.7,1
STU-01099,Aarav Nair,16,Male,11th,Semester 4,4.0,8.0,2.0,6,78.8,65.6,66.4,1
STU-01100,Advaith Banerjee,19,Male,Undergraduate,Semester 4,1.2,5.1,2.3,2,74.1,55.5,42.7,0
STU-01101,Arnav Das,14,Male,9th,Semester 4,5.0,7.0,2.5,7,88.6,78.1,69.5,1
STU-01102,Ayaan Das,14,Male,10th,Semester 3,4.1,8.7,4.0,7,88.4,63.8,65.6,1
STU-01103,Atharv Choudhury,16,Male,9th,Semester 3,2.7,7.5,1.1,5,77.2,57.9,59.3,1
STU-01104,Krishna Das,18,Male,12th,Semester 4,3.9,7.6,1.0,6,75.0,61.6,61.1,1
STU-01105,Ishaan Das,17,Male,12th,Semester 1,6.4,9.0,1.7,7,96.8,92.8,88.3,1
STU-01106,Advik Iyer,16,Male,12th,Semester 1,7.7,6.2,4.1,7,83.0,81.6,79.6,1
STU-01107,Meera Mehta,16,Female,10th,Semester 1,5.6,7.8,0.9,7,74.2,82.8,77.9,1
STU-01108,Myra Iyer,15,Female,10th,Semester 2,5.9,7.7,2.7,7,87.2,67.4,69.6,1
STU-01109,Anand Mishra,16,Male,10th,Semester 4,1.7,6.4,2.8,3,90.6,80.5,63.0,1
STU-01110,Tanvi Mishra,18,Female,11th,Semester 4,10.5,8.8,2.4,7,67.8,81.6,86.4,1
STU-01111,Pari Verma,17,Female,11th,Semester 2,1.8,9.1,6.0,4,53.5,41.1,25.4,0
STU-01112,Priyanka Malhotra,16,Female,12th,Semester 2,6.3,9.0,2.8,7,75.1,80.8,76.5,1
STU-01113,Pooja Bhat,21,Female,Undergraduate,Semester 4,2.4,8.1,2.8,5,60.6,51.2,45.4,0
STU-01114,Pari Patel,14,Female,10th,Semester 3,2.0,6.1,3.6,3,82.2,64.5,55.4,1
STU-01115,Pooja Sharma,18,Female,12th,Semester 1,2.3,4.8,7.3,5,80.7,45.1,44.8,0
STU-01116,Pari Kapoor,17,Female,11th,Semester 4,2.9,6.4,6.1,5,89.1,69.2,56.1,1
STU-01117,Aadhya Singh,16,Female,12th,Semester 2,0.5,6.6,6.1,3,83.7,46.9,34.0,0
STU-01118,Dev Nair,20,Male,Undergraduate,Semester 3,2.3,6.7,1.6,4,76.9,67.6,59.3,1
STU-01119,Vihaan Verma,15,Male,10th,Semester 4,4.3,8.9,3.7,6,84.5,71.1,74.5,1
STU-01120,Dev Rao,18,Male,Undergraduate,Semester 1,3.1,6.8,4.6,6,70.3,54.9,45.2,0
STU-01121,Aaradhya Kumar,18,Female,12th,Semester 3,2.8,8.3,7.9,5,54.7,39.1,32.1,0
STU-01122,Aaradhya Rao,17,Female,11th,Semester 2,2.8,5.4,4.3,4,67.5,52.8,45.5,0
STU-01123,Aanya Rao,15,Female,10th,Semester 1,1.9,6.9,2.7,4,72.9,55.4,57.1,1
STU-01124,Atharv Kulkarni,18,Male,Undergraduate,Semester 4,2.0,7.8,1.7,3,76.9,53.4,64.2,1
STU-01125,Khushi Gupta,16,Female,10th,Semester 3,2.9,7.4,3.3,4,46.6,42.1,42.6,0
STU-01126,Reyansh Mehta,22,Male,Undergraduate,Semester 1,1.2,6.8,1.8,2,77.5,60.3,55.9,1
STU-01127,Navya Bhat,18,Female,11th,Semester 2,1.9,6.2,2.3,3,63.0,57.3,49.9,0
STU-01128,Siddharth Rao,14,Male,10th,Semester 3,2.7,7.4,5.1,5,86.2,56.5,44.1,0
STU-01129,Shaurya Kumar,22,Male,Undergraduate,Semester 2,1.8,8.6,2.6,3,93.7,63.9,55.4,1
STU-01130,Khushi Gupta,16,Female,10th,Semester 4,2.8,7.3,4.3,4,91.6,55.3,58.3,1
STU-01131,Pranav Bhat,22,Male,Undergraduate,Semester 3,8.3,7.5,1.0,7,88.6,70.6,73.8,1
STU-01132,Ananya Gupta,17,Female,12th,Semester 1,3.9,7.1,4.8,6,65.9,55.3,51.1,1
STU-01133,Priyanka Kapoor,14,Female,10th,Semester 4,5.9,7.5,0.5,7,64.9,73.1,56.7,1
STU-01134,Pari Reddy,18,Female,12th,Semester 1,3.6,9.0,4.4,5,86.7,70.4,59.2,1
STU-01135,Pranav Patel,15,Male,9th,Semester 4,2.4,6.5,2.4,4,84.5,70.8,61.0,1
STU-01136,Aarav Rao,20,Male,Undergraduate,Semester 1,1.0,8.0,2.2,2,88.7,60.2,55.2,1
STU-01137,Diya Kapoor,19,Female,Undergraduate,Semester 4,8.0,5.1,4.5,7,96.7,80.8,84.9,1
STU-01138,Isha Kumar,18,Female,11th,Semester 1,4.4,7.2,2.6,6,46.6,47.4,44.9,0
STU-01139,Advik Kapoor,16,Male,11th,Semester 1,3.0,6.4,7.8,5,72.2,45.2,45.3,0
STU-01140,Aanya Patel,16,Other,12th,Semester 4,3.9,7.1,4.1,7,78.0,67.3,64.3,1
STU-01141,Reyansh Mishra,18,Male,12th,Semester 2,3.2,7.3,5.3,5,94.9,66.8,61.9,1
STU-01142,Rohan Mehta,14,Male,10th,Semester 3,10.3,8.2,2.0,7,83.0,80.8,90.9,1
STU-01143,Arnav Mishra,21,Male,Undergraduate,Semester 2,0.6,7.8,4.0,3,69.8,45.2,49.4,0
STU-01144,Aadhya Joshi,17,Female,12th,Semester 4,2.8,8.3,2.3,5,74.1,65.0,58.2,1
STU-01145,Sara Gupta,20,Female,Undergraduate,Semester 2,3.2,7.0,0.5,6,71.8,70.5,63.9,1
STU-01146,Aadhya Kumar,17,Female,11th,Semester 3,3.6,6.6,0.6,6,79.5,57.5,56.6,1
STU-01147,Khushi Bhat,17,Female,12th,Semester 3,4.7,5.9,3.4,7,94.0,69.1,61.0,1
STU-01148,Dev Das,22,Male,Undergraduate,Semester 3,4.6,7.6,2.5,7,94.7,74.8,67.1,1
STU-01149,Aditya Bhat,16,Male,9th,Semester 1,2.7,7.2,3.2,5,76.9,68.3,67.9,1
STU-01150,Aaradhya Deshmukh,21,Female,Undergraduate,Semester 2,6.2,6.2,4.6,7,93.7,78.3,87.3,1
STU-01151,Pooja Nair,14,Female,10th,Semester 2,4.0,6.1,2.8,6,83.0,63.8,57.4,1
STU-01152,Angel Bose,20,Female,Undergraduate,Semester 2,2.0,6.3,1.4,3,69.2,62.3,62.6,1
STU-01153,Vivaan Kapoor,17,Male,12th,Semester 4,5.0,8.2,5.0,7,91.9,67.4,64.7,1
STU-01154,Anika Chouhan,22,Female,Undergraduate,Semester 1,3.8,5.2,5.8,6,78.0,61.8,51.7,1
STU-01155,Aditya Deshmukh,16,Male,11th,Semester 4,2.0,5.8,3.3,3,59.9,57.9,49.8,0
STU-01156,Ayaan Banerjee,14,Male,9th,Semester 4,1.5,7.7,3.6,3,95.7,66.8,61.8,1
STU-01157,Anand Kulkarni,18,Male,12th,Semester 1,3.7,7.7,3.6,6,91.1,81.3,73.4,1
STU-01158,Saanvi Rao,17,Female,12th,Semester 4,3.9,6.3,0.8,6,82.4,74.4,67.8,1
STU-01159,Aaryan Kumar,18,Male,11th,Semester 1,2.3,4.7,2.0,4,65.2,49.4,49.1,0
STU-01160,Aaryan Malhotra,15,Male,9th,Semester 2,1.8,7.4,3.5,4,58.0,50.3,36.3,0
STU-01161,Arnav Bose,16,Male,10th,Semester 4,7.5,5.7,3.6,7,43.2,60.2,55.7,1
STU-01162,Ishaan Sharma,16,Male,10th,Semester 4,3.1,7.0,6.9,6,69.2,54.8,50.1,1
STU-01163,Aaradhya Kumar,15,Female,9th,Semester 3,4.3,5.8,3.2,7,97.9,77.8,73.1,1
STU-01164,Advik Verma,14,Male,9th,Semester 4,7.3,6.9,6.3,7,92.9,69.9,65.9,1
STU-01165,Myra Malhotra,16,Female,10th,Semester 3,8.1,7.6,4.0,7,73.0,64.1,58.9,1
STU-01166,Atharv Joshi,17,Male,11th,Semester 4,2.1,7.0,7.8,4,88.8,62.5,56.7,1
STU-01167,Arnav Deshmukh,18,Male,12th,Semester 2,1.7,6.7,4.0,3,83.2,70.1,50.3,1
STU-01168,Advik Bhat,14,Male,10th,Semester 2,5.2,8.8,1.3,7,83.2,73.3,79.2,1
STU-01169,Priyanka Joshi,18,Female,11th,Semester 1,10.4,7.3,3.7,7,95.2,89.1,90.5,1
STU-01170,Muhammad Verma,16,Male,9th,Semester 3,6.1,6.9,3.4,7,69.7,58.5,58.9,1
STU-01171,Advaith Singh,18,Male,Undergraduate,Semester 1,2.0,8.0,5.6,4,84.5,58.5,43.2,0
STU-01172,Aanya Mishra,18,Female,12th,Semester 2,2.2,7.3,3.2,4,82.5,72.9,54.4,1
STU-01173,Aaryan Rao,16,Male,12th,Semester 4,3.5,8.5,3.8,6,72.6,70.9,58.3,1
STU-01174,Aaryan Sharma,16,Male,10th,Semester 4,2.6,6.9,2.7,5,60.1,51.3,44.2,0
STU-01175,Vihaan Mishra,16,Male,12th,Semester 1,1.8,7.0,4.2,4,71.0,52.8,49.2,0
STU-01176,Priyanka Sharma,18,Female,12th,Semester 3,4.2,7.8,2.9,6,67.9,65.0,65.0,1
STU-01177,Aaradhya Verma,18,Female,Undergraduate,Semester 2,2.4,7.5,4.5,5,81.9,57.7,55.5,1
STU-01178,Meera Kulkarni,16,Female,12th,Semester 1,5.3,5.9,5.1,7,89.9,67.4,73.0,1
STU-01179,Reyansh Sharma,18,Male,11th,Semester 3,3.1,7.8,1.6,5,69.1,62.6,65.8,1
STU-01180,Avani Bhat,15,Female,10th,Semester 2,3.5,6.2,3.9,6,89.9,51.3,50.1,1
STU-01181,Aarav Kumar,16,Male,10th,Semester 1,1.8,6.9,2.4,3,62.8,41.7,38.4,0
STU-01182,Sara Nair,20,Female,Undergraduate,Semester 1,1.9,5.3,3.7,4,86.2,58.9,61.0,1
STU-01183,Siddharth Gupta,15,Male,10th,Semester 4,1.3,5.4,3.7,4,70.8,49.6,40.5,0
STU-01184,Tanvi Kulkarni,16,Female,11th,Semester 2,0.9,6.9,2.4,2,91.3,50.3,48.3,0
STU-01185,Arjun Joshi,16,Male,11th,Semester 3,9.0,6.5,1.4,7,69.4,79.9,78.9,1
STU-01186,Navya Bhat,16,Female,9th,Semester 1,2.4,7.3,5.1,5,76.3,49.8,41.7,0
STU-01187,Aaradhya Verma,15,Female,10th,Semester 2,2.5,7.8,4.1,4,75.5,62.1,57.8,1
STU-01188,Advaith Kulkarni,17,Male,11th,Semester 3,3.5,9.0,4.4,5,72.2,64.3,60.7,1
STU-01189,Reyansh Bose,17,Male,12th,Semester 4,2.0,5.6,3.7,3,84.1,62.5,49.3,0
STU-01190,Ishaan Rao,16,Male,12th,Semester 1,5.2,7.2,5.7,7,81.2,55.2,52.3,1
STU-01191,Vihaan Das,18,Male,Undergraduate,Semester 1,1.0,8.0,3.6,2,89.5,65.1,54.2,1
STU-01192,Reyansh Verma,18,Male,12th,Semester 1,1.5,8.4,1.4,4,80.8,66.3,45.3,0
STU-01193,Riya Kumar,16,Female,9th,Semester 2,4.4,6.9,1.4,6,56.9,48.8,52.2,1
STU-01194,Ishaan Gupta,16,Male,10th,Semester 1,1.8,7.6,3.4,3,89.9,61.4,57.8,1
STU-01195,Saanvi Patel,17,Female,11th,Semester 4,0.5,5.5,1.8,2,69.6,59.5,43.2,0
STU-01196,Kavya Banerjee,20,Female,Undergraduate,Semester 3,1.6,5.9,0.8,4,81.4,66.0,51.2,1
STU-01197,Vivaan Reddy,17,Male,11th,Semester 4,3.9,8.9,2.1,6,98.0,66.2,56.1,1
STU-01198,Kavya Reddy,16,Female,9th,Semester 1,7.1,7.0,2.6,7,80.1,66.8,76.0,1
STU-01199,Sai Deshmukh,14,Male,9th,Semester 1,2.2,8.1,9.8,5,97.7,50.7,47.6,0
STU-01200,Advik Kulkarni,17,Male,12th,Semester 2,4.0,8.6,3.9,6,75.4,72.7,62.2,1
STU-01201,Meera Verma,15,Female,10th,Semester 1,2.8,6.0,0.5,4,64.3,62.5,54.1,1
STU-01202,Dhruv Rao,16,Male,10th,Semester 3,4.8,5.1,3.0,7,93.6,76.5,74.5,1
STU-01203,Arnav Das,15,Male,10th,Semester 4,3.5,8.4,1.9,6,66.5,62.0,54.4,1
STU-01204,Tara Malhotra,16,Female,12th,Semester 1,1.7,6.0,5.0,4,85.1,53.3,48.9,0
STU-01205,Tara Deshmukh,16,Female,9th,Semester 2,2.5,4.9,2.2,5,88.0,56.5,50.0,1
STU-01206,Vihaan Reddy,18,Male,11th,Semester 1,1.6,7.2,2.1,3,67.7,64.8,45.9,0
STU-01207,Diya Iyer,15,Female,9th,Semester 4,6.6,6.4,2.4,7,72.5,84.9,73.0,1
STU-01208,Advik Kapoor,17,Male,11th,Semester 3,2.0,8.5,1.0,3,80.4,53.0,52.8,1
STU-01209,Diya Kulkarni,18,Female,12th,Semester 3,5.1,7.3,3.1,7,86.8,76.0,69.8,1
STU-01210,Avani Bhat,15,Female,10th,Semester 1,1.6,6.8,5.5,3,61.5,55.0,40.1,0
STU-01211,Aarav Mishra,18,Male,11th,Semester 4,3.2,7.8,3.4,6,84.1,65.7,61.7,1
STU-01212,Shaurya Rao,16,Male,9th,Semester 4,1.9,8.0,6.9,3,78.5,61.5,57.5,1
STU-01213,Khushi Verma,16,Female,12th,Semester 1,1.9,5.1,4.4,3,81.0,65.2,48.7,0
STU-01214,Aanya Rao,16,Female,10th,Semester 2,9.3,4.0,1.8,7,84.3,80.5,82.8,1
STU-01215,Dhruv Sharma,14,Other,9th,Semester 4,3.3,6.8,3.9,6,67.6,71.5,65.7,1
STU-01216,Rohan Mishra,18,Male,12th,Semester 3,3.5,7.9,3.1,6,65.0,65.4,56.6,1
STU-01217,Priyanka Banerjee,21,Female,Undergraduate,Semester 3,2.5,5.6,3.9,5,92.2,66.0,56.5,1
STU-01218,Anika Banerjee,14,Female,10th,Semester 4,6.8,7.2,3.2,7,81.1,76.7,74.4,1
STU-01219,Tara Mishra,17,Other,12th,Semester 3,1.9,7.2,6.7,3,96.1,75.1,63.5,1
STU-01220,Ishaan Reddy,15,Male,10th,Semester 1,3.1,7.5,9.2,6,86.8,58.7,53.0,1
STU-01221,Navya Mehta,16,Female,10th,Semester 1,6.1,8.1,5.4,7,48.4,50.6,50.9,1
STU-01222,Angel Kumar,16,Female,12th,Semester 3,4.0,9.4,1.4,6,98.3,72.8,57.5,1
STU-01223,Krishna Bhat,14,Male,10th,Semester 3,3.9,7.0,1.8,7,93.0,76.5,77.2,1
STU-01224,Anushka Sharma,18,Female,11th,Semester 2,2.4,5.5,9.5,5,81.8,57.9,41.1,0
STU-01225,Arnav Rao,16,Male,12th,Semester 2,1.1,6.4,9.6,2,98.1,51.8,41.9,0
STU-01226,Vihaan Patel,15,Male,10th,Semester 2,1.3,7.8,2.0,4,78.2,65.8,64.0,1
STU-01227,Aaradhya Mishra,16,Female,12th,Semester 2,5.1,6.4,7.6,7,49.6,50.8,45.8,0
STU-01228,Reyansh Kumar,19,Male,Undergraduate,Semester 1,3.9,6.8,1.8,7,94.9,75.6,72.7,1
STU-01229,Ayaan Das,16,Male,12th,Semester 2,4.8,7.8,5.6,7,97.8,66.4,68.6,1
STU-01230,Saanvi Gupta,20,Female,Undergraduate,Semester 3,7.5,5.7,11.0,7,82.0,62.1,55.1,1
STU-01231,Myra Rao,16,Female,11th,Semester 2,3.8,7.6,2.2,6,72.7,67.6,64.9,1
STU-01232,Krishna Reddy,14,Male,9th,Semester 2,5.0,5.9,3.6,7,82.8,68.1,67.2,1
STU-01233,Pari Das,22,Female,Undergraduate,Semester 1,3.2,6.1,3.2,6,94.7,58.3,64.4,1
STU-01234,Pooja Deshmukh,18,Female,11th,Semester 2,4.5,6.9,6.6,6,72.6,61.6,53.3,1
STU-01235,Aaradhya Gupta,16,Female,10th,Semester 1,2.8,7.3,2.9,5,93.4,72.9,63.2,1
STU-01236,Muhammad Iyer,20,Male,Undergraduate,Semester 2,2.8,7.9,6.7,4,42.4,47.4,45.5,0
STU-01237,Aadhya Reddy,14,Female,10th,Semester 4,2.0,7.9,8.2,3,88.1,44.2,35.2,0
STU-01238,Shaurya Mishra,18,Male,12th,Semester 4,2.9,7.9,1.6,5,61.5,50.4,52.9,1
STU-01239,Kavya Bose,15,Female,9th,Semester 3,9.6,7.4,1.7,7,91.5,83.1,81.0,1
STU-01240,Arjun Choudhury,14,Male,9th,Semester 3,5.4,7.7,3.5,7,91.5,61.1,67.0,1
STU-01241,Arnav Mishra,16,Male,11th,Semester 3,5.2,6.5,3.9,7,61.2,65.1,59.2,1
STU-01242,Riya Deshmukh,17,Female,11th,Semester 1,7.3,6.3,5.8,7,72.4,73.5,63.9,1
STU-01243,Avani Sharma,16,Female,11th,Semester 1,3.8,9.3,9.2,7,84.6,56.7,41.5,0
STU-01244,Rohan Choudhury,14,Male,10th,Semester 2,1.1,5.8,5.3,2,82.0,57.8,37.9,0
STU-01245,Atharv Gupta,16,Male,11th,Semester 2,2.7,8.2,5.8,5,68.3,56.6,45.9,0
STU-01246,Riya Nair,15,Female,10th,Semester 2,3.1,8.6,5.6,5,87.6,61.7,48.8,0
STU-01247,Anika Mehta,18,Female,12th,Semester 3,10.4,6.3,3.5,7,92.9,86.2,69.7,1
STU-01248,Pooja Gupta,16,Female,10th,Semester 1,3.3,6.5,6.8,5,91.6,70.8,55.6,1
STU-01249,Aaryan Choudhury,18,Male,11th,Semester 2,2.0,7.8,2.3,4,77.2,48.8,47.8,0
STU-01250,Aanya Rao,17,Female,12th,Semester 1,4.5,5.8,1.5,6,94.6,73.5,68.1,1
STU-01251,Aadhya Malhotra,17,Female,11th,Semester 4,3.7,7.1,5.8,6,49.4,53.8,37.6,0
STU-01252,Ananya Singh,15,Female,9th,Semester 1,6.6,7.2,0.9,7,77.4,71.6,71.0,1
STU-01253,Siddharth Chouhan,17,Male,12th,Semester 2,2.4,8.6,1.3,4,82.2,70.0,62.8,1
STU-01254,Dev Mishra,16,Male,9th,Semester 3,1.0,6.7,5.9,2,74.0,51.0,39.1,0
STU-01255,Anika Patel,14,Female,10th,Semester 3,4.5,7.7,5.9,7,64.2,58.6,49.7,0
STU-01256,Krishna Chouhan,17,Male,12th,Semester 1,4.2,7.6,1.8,6,74.9,55.4,65.5,1
STU-01257,Kabir Choudhury,17,Male,12th,Semester 2,3.6,7.4,2.4,5,94.5,69.6,56.4,1
STU-01258,Ananya Bose,16,Female,9th,Semester 4,2.8,9.7,5.6,5,87.2,49.6,47.1,0
STU-01259,Krishna Kapoor,18,Male,Undergraduate,Semester 4,1.8,8.0,2.3,3,60.5,62.3,50.3,1
STU-01260,Anand Rao,18,Male,12th,Semester 4,6.8,8.3,2.6,7,88.3,83.3,78.4,1
STU-01261,Riya Malhotra,16,Female,12th,Semester 4,2.9,7.9,6.6,5,88.8,60.7,64.8,1
STU-01262,Tanvi Mishra,20,Female,Undergraduate,Semester 2,2.6,6.9,0.9,4,67.9,58.1,47.5,0
STU-01263,Muhammad Sharma,16,Male,11th,Semester 2,1.4,7.5,1.9,3,89.7,49.4,55.7,1
STU-01264,Riya Iyer,14,Female,10th,Semester 4,3.0,5.8,3.3,5,70.1,56.1,46.1,0
STU-01265,Sai Mishra,14,Male,10th,Semester 4,2.8,7.4,6.5,4,89.3,51.2,57.2,1
STU-01266,Khushi Bose,22,Female,Undergraduate,Semester 1,4.9,8.4,6.3,7,83.9,60.4,63.2,1
STU-01267,Aditya Verma,17,Male,12th,Semester 3,1.8,7.1,0.9,3,53.9,42.8,43.5,0
STU-01268,Sara Kulkarni,16,Female,9th,Semester 1,6.6,7.3,2.2,7,90.2,82.5,80.2,1
STU-01269,Aaryan Joshi,18,Male,12th,Semester 2,5.0,6.1,3.5,7,76.9,60.5,62.6,1
STU-01270,Isha Rao,16,Female,12th,Semester 1,1.3,6.7,1.1,3,85.7,76.5,62.2,1
STU-01271,Aanya Chouhan,16,Female,12th,Semester 1,1.0,8.4,2.9,2,51.3,44.1,47.5,0
STU-01272,Reyansh Mehta,18,Male,Undergraduate,Semester 4,1.1,6.2,2.3,2,79.0,46.4,43.0,0
STU-01273,Anand Singh,14,Male,10th,Semester 4,1.2,8.9,7.4,3,81.5,48.2,37.0,0
STU-01274,Rohan Reddy,16,Male,9th,Semester 3,3.9,9.6,5.2,7,61.9,46.3,39.4,0
STU-01275,Arnav Sharma,15,Male,10th,Semester 4,9.2,7.4,0.5,7,63.3,79.2,70.5,1
STU-01276,Navya Joshi,20,Other,Undergraduate,Semester 4,4.4,7.1,6.8,6,69.0,55.5,41.1,0
STU-01277,Muhammad Verma,19,Male,Undergraduate,Semester 2,5.1,7.7,4.7,7,95.1,75.4,77.9,1
STU-01278,Advaith Kumar,15,Male,9th,Semester 4,4.2,8.2,4.6,6,63.4,60.4,46.2,0
STU-01279,Siddharth Kulkarni,18,Male,Undergraduate,Semester 2,0.8,7.1,1.4,3,75.5,51.1,56.8,1
STU-01280,Sara Mishra,15,Female,9th,Semester 4,0.7,9.7,9.4,3,87.6,60.9,34.3,0
STU-01281,Aarav Bhat,17,Male,12th,Semester 3,3.7,8.2,4.1,6,85.8,69.1,70.5,1
STU-01282,Pooja Gupta,16,Female,12th,Semester 2,2.8,7.7,1.1,4,92.3,68.8,53.8,1
STU-01283,Pari Malhotra,16,Female,11th,Semester 1,2.3,7.9,2.5,4,57.2,64.6,50.2,1
STU-01284,Khushi Bhat,16,Female,9th,Semester 3,3.1,5.9,1.2,6,77.7,75.1,61.0,1
STU-01285,Diya Kapoor,16,Female,12th,Semester 2,2.3,7.8,2.4,4,62.5,57.5,57.2,1
STU-01286,Reyansh Deshmukh,16,Male,12th,Semester 1,1.8,7.3,4.8,4,69.5,51.3,56.4,1
STU-01287,Sara Rao,15,Female,10th,Semester 4,1.6,6.7,4.7,3,93.0,60.7,47.7,0
STU-01288,Dev Gupta,16,Male,12th,Semester 1,1.7,6.2,1.8,3,68.4,64.0,61.5,1
STU-01289,Priyanka Mishra,15,Female,10th,Semester 4,3.3,5.9,5.1,6,65.7,68.7,46.6,0
STU-01290,Navya Patel,14,Female,10th,Semester 3,0.6,6.8,0.5,3,75.7,54.8,49.9,0
STU-01291,Advik Das,18,Male,12th,Semester 2,4.5,5.4,4.6,6,70.9,72.0,60.1,1
STU-01292,Tara Bose,16,Female,11th,Semester 3,3.0,6.7,9.0,5,90.2,54.9,59.7,1
STU-01293,Navya Mehta,14,Female,9th,Semester 1,2.2,5.9,4.2,5,89.6,52.4,48.0,0
STU-01294,Aarav Joshi,18,Male,11th,Semester 3,3.1,8.6,1.8,6,86.4,77.4,71.2,1
STU-01295,Ayaan Das,18,Male,11th,Semester 4,5.3,6.9,3.4,7,79.4,83.1,67.5,1
STU-01296,Kabir Verma,14,Male,10th,Semester 1,1.6,6.2,2.4,4,84.9,68.6,60.5,1
STU-01297,Diya Reddy,20,Female,Undergraduate,Semester 3,3.0,8.5,1.9,6,91.0,69.1,61.6,1
STU-01298,Kabir Verma,20,Male,Undergraduate,Semester 1,3.1,6.9,2.3,6,77.3,67.6,49.1,0
STU-01299,Muhammad Mishra,18,Male,11th,Semester 1,1.5,7.4,3.8,3,87.6,56.9,57.5,1
STU-01300,Tanvi Chouhan,16,Female,10th,Semester 4,4.0,5.5,2.3,7,76.4,71.8,65.7,1
STU-01301,Siddharth Joshi,16,Male,12th,Semester 4,1.7,6.1,4.6,3,67.0,49.1,48.9,0
STU-01302,Atharv Deshmukh,19,Male,Undergraduate,Semester 1,4.9,6.9,11.0,7,94.3,61.4,60.7,1
STU-01303,Siddharth Das,14,Male,10th,Semester 1,1.9,7.6,1.6,4,89.7,64.7,61.6,1
STU-01304,Dev Sharma,15,Other,10th,Semester 1,6.5,7.9,3.0,7,66.1,70.0,65.6,1
STU-01305,Rohan Nair,16,Male,11th,Semester 2,1.0,7.1,1.3,2,70.7,44.6,35.4,0
STU-01306,Kavya Sharma,22,Female,Undergraduate,Semester 4,1.3,7.2,2.1,3,61.6,55.2,41.3,0
STU-01307,Tanvi Verma,15,Female,10th,Semester 1,2.1,8.8,6.0,4,83.9,77.7,55.5,1
STU-01308,Sai Mishra,17,Other,11th,Semester 2,10.4,6.4,2.6,7,56.3,84.5,78.9,1
STU-01309,Rohan Bose,17,Male,12th,Semester 4,3.7,5.5,0.7,5,66.6,55.3,44.2,0
STU-01310,Anushka Chouhan,14,Female,9th,Semester 4,4.8,8.0,2.3,7,88.2,71.9,66.8,1
STU-01311,Ananya Banerjee,16,Female,12th,Semester 3,3.9,8.5,3.4,6,91.9,69.4,80.0,1
STU-01312,Saanvi Joshi,14,Female,9th,Semester 4,2.1,7.8,7.8,5,77.6,52.0,52.2,1
STU-01313,Advik Banerjee,15,Male,9th,Semester 3,2.6,7.2,0.8,5,62.9,62.0,45.9,0
STU-01314,Avani Das,16,Female,9th,Semester 1,5.6,8.4,3.6,7,89.5,72.9,60.6,1
STU-01315,Ananya Das,18,Female,12th,Semester 1,2.0,8.3,2.1,4,90.1,82.2,65.2,1
STU-01316,Advaith Das,15,Male,10th,Semester 2,2.6,7.5,1.1,4,91.5,70.1,68.4,1
STU-01317,Arnav Kapoor,15,Male,10th,Semester 2,8.1,7.2,2.2,7,73.1,78.0,87.7,1
STU-01318,Aaradhya Bhat,19,Female,Undergraduate,Semester 2,0.8,4.3,2.4,3,51.2,38.2,40.3,0
STU-01319,Diya Verma,16,Female,10th,Semester 4,2.2,7.3,1.3,5,81.6,55.5,48.0,0
STU-01320,Angel Malhotra,14,Female,10th,Semester 1,2.9,7.6,2.5,5,90.8,68.5,63.2,1
STU-01321,Advik Banerjee,21,Male,Undergraduate,Semester 3,3.1,7.8,1.4,6,90.3,77.0,68.0,1
STU-01322,Sneha Chouhan,16,Female,12th,Semester 1,5.9,6.4,0.7,7,62.9,79.2,64.6,1
STU-01323,Pooja Mishra,17,Female,11th,Semester 4,1.3,6.7,0.5,3,67.9,52.1,45.5,0
STU-01324,Diya Nair,18,Female,12th,Semester 4,3.2,5.9,3.7,6,67.5,65.6,60.0,1
STU-01325,Aditya Reddy,21,Male,Undergraduate,Semester 2,1.9,8.8,0.9,4,70.4,59.1,48.5,0
STU-01326,Siddharth Das,15,Male,10th,Semester 4,4.4,9.2,4.8,6,79.5,64.9,61.1,1
STU-01327,Isha Nair,15,Female,9th,Semester 3,5.0,6.1,1.3,7,96.6,78.0,69.4,1
STU-01328,Pooja Iyer,14,Female,10th,Semester 3,1.4,8.2,3.1,3,88.8,69.0,61.8,1
STU-01329,Diya Mishra,20,Female,Undergraduate,Semester 2,2.6,9.8,5.7,5,88.2,65.1,53.4,1
STU-01330,Tara Joshi,14,Female,9th,Semester 4,2.4,5.9,3.7,5,59.0,53.2,42.7,0
STU-01331,Kavya Patel,16,Female,12th,Semester 3,1.4,7.5,2.4,3,61.5,41.5,52.8,1
STU-01332,Ayaan Nair,21,Male,Undergraduate,Semester 1,0.8,8.5,3.9,3,74.2,51.1,44.3,0
STU-01333,Sneha Joshi,18,Female,12th,Semester 4,3.5,7.0,0.5,6,61.3,66.4,49.9,0
STU-01334,Tanvi Iyer,20,Female,Undergraduate,Semester 1,3.4,7.7,1.0,6,83.9,71.4,66.7,1
STU-01335,Myra Deshmukh,18,Female,12th,Semester 3,1.6,6.2,2.5,4,56.1,47.9,43.2,0
STU-01336,Aadhya Nair,16,Female,12th,Semester 2,1.4,7.1,1.4,4,92.2,52.9,65.0,1
STU-01337,Shaurya Malhotra,15,Male,9th,Semester 4,2.0,5.6,0.8,4,76.8,51.7,38.8,0
STU-01338,Saanvi Sharma,14,Female,9th,Semester 3,2.4,7.0,3.9,4,79.8,57.2,54.6,1
STU-01339,Advaith Choudhury,18,Male,Undergraduate,Semester 3,7.2,8.2,1.0,7,90.6,89.7,89.3,1
STU-01340,Siddharth Malhotra,18,Male,11th,Semester 1,1.9,6.0,2.1,3,96.0,61.9,57.0,1
STU-01341,Reyansh Reddy,17,Male,11th,Semester 2,2.2,7.0,2.8,4,85.5,63.1,56.7,1
STU-01342,Aarav Singh,16,Male,9th,Semester 2,5.7,6.5,4.2,7,45.6,58.0,53.8,1
STU-01343,Pari Das,15,Female,10th,Semester 3,2.4,7.8,0.6,4,59.7,62.2,55.4,1
STU-01344,Pari Mishra,18,Female,11th,Semester 3,1.5,6.9,2.3,3,82.1,52.5,52.0,1
STU-01345,Pooja Patel,16,Female,11th,Semester 2,3.4,8.2,2.8,6,94.7,83.7,63.0,1
STU-01346,Pooja Banerjee,15,Female,9th,Semester 1,3.0,5.9,3.4,5,82.5,70.0,60.1,1
STU-01347,Reyansh Iyer,16,Male,12th,Semester 1,2.6,6.7,1.6,4,89.4,69.4,64.8,1
STU-01348,Vihaan Joshi,14,Male,10th,Semester 4,2.1,7.2,4.6,4,74.3,60.6,53.1,1
STU-01349,Khushi Kapoor,22,Female,Undergraduate,Semester 2,2.8,8.4,2.8,4,80.0,58.1,52.2,1
STU-01350,Diya Nair,15,Female,9th,Semester 2,9.9,6.2,5.1,7,77.9,77.6,78.3,1
STU-01351,Sara Verma,14,Female,10th,Semester 3,1.8,6.3,6.0,4,73.2,48.7,43.1,0
STU-01352,Dhruv Gupta,14,Male,9th,Semester 2,5.5,6.5,1.3,7,92.8,68.2,65.6,1
STU-01353,Ananya Reddy,19,Female,Undergraduate,Semester 2,4.6,6.3,2.4,7,88.4,76.7,75.6,1
STU-01354,Meera Mehta,16,Female,11th,Semester 4,4.8,7.1,3.1,7,82.5,69.8,66.7,1
STU-01355,Riya Mishra,16,Female,10th,Semester 4,5.1,7.9,4.5,7,95.6,90.2,84.5,1
STU-01356,Avani Kumar,14,Female,9th,Semester 2,5.5,5.8,2.3,7,75.3,53.8,52.3,1
STU-01357,Atharv Banerjee,16,Male,11th,Semester 3,2.1,7.4,2.6,4,75.3,58.9,56.8,1
STU-01358,Vihaan Kapoor,16,Male,12th,Semester 2,2.3,7.3,3.9,5,73.0,52.5,51.1,1
STU-01359,Advik Chouhan,18,Male,11th,Semester 3,3.5,6.6,3.5,6,69.7,60.1,54.0,1
STU-01360,Diya Patel,17,Female,12th,Semester 1,5.1,8.2,7.2,7,94.6,59.4,66.5,1
STU-01361,Aaradhya Das,15,Female,9th,Semester 1,3.8,5.1,2.9,6,80.0,74.2,73.9,1
STU-01362,Ishaan Patel,17,Male,12th,Semester 3,3.1,9.4,0.7,6,79.8,75.4,72.2,1
STU-01363,Aaradhya Joshi,19,Female,Undergraduate,Semester 1,1.2,4.2,1.0,3,96.8,64.4,46.0,0
STU-01364,Ayaan Bhat,16,Male,9th,Semester 4,2.8,7.0,1.8,5,75.0,66.6,60.9,1
STU-01365,Isha Choudhury,16,Female,9th,Semester 1,0.8,8.3,3.5,3,92.9,76.0,61.9,1
STU-01366,Diya Chouhan,22,Female,Undergraduate,Semester 1,3.4,6.2,4.1,6,84.2,74.8,59.1,1
STU-01367,Tanvi Mishra,18,Other,12th,Semester 2,5.3,5.6,9.0,7,74.8,59.8,57.8,1
STU-01368,Pranav Kumar,16,Male,10th,Semester 3,0.8,6.2,7.5,2,97.0,58.2,49.0,0
STU-01369,Vivaan Iyer,14,Male,9th,Semester 1,5.2,8.3,4.2,7,97.3,74.2,81.2,1
STU-01370,Navya Singh,17,Female,12th,Semester 3,2.9,8.2,7.4,4,54.0,50.4,27.8,0
STU-01371,Arnav Das,17,Male,11th,Semester 2,2.6,6.8,1.2,4,77.1,64.2,64.3,1
STU-01372,Pranav Chouhan,17,Male,12th,Semester 2,6.0,4.8,4.8,7,93.6,75.0,74.4,1
STU-01373,Meera Mehta,16,Female,12th,Semester 1,1.7,7.7,4.0,4,91.2,63.3,50.2,1
STU-01374,Rohan Kumar,14,Male,9th,Semester 4,3.5,6.7,3.6,6,53.4,60.9,41.1,0
STU-01375,Avani Mishra,18,Female,11th,Semester 1,4.9,7.4,3.0,7,97.9,79.7,80.7,1
STU-01376,Sara Malhotra,16,Female,11th,Semester 1,5.1,7.1,5.4,7,80.3,58.6,50.5,1
STU-01377,Vihaan Banerjee,16,Male,12th,Semester 3,5.0,7.2,1.3,7,97.5,75.1,78.2,1
STU-01378,Rohan Patel,18,Male,11th,Semester 2,4.8,5.5,0.5,7,88.2,66.7,67.1,1
STU-01379,Kabir Gupta,16,Male,11th,Semester 2,3.3,7.5,4.4,5,71.3,56.5,50.5,1
STU-01380,Pari Bose,16,Female,9th,Semester 3,5.6,9.0,3.6,7,75.4,59.5,58.5,1
STU-01381,Priyanka Mishra,16,Female,12th,Semester 3,1.3,6.9,4.2,4,71.1,44.5,39.6,0
STU-01382,Siddharth Kumar,16,Male,12th,Semester 2,2.5,9.3,2.0,4,50.5,61.3,46.1,0
STU-01383,Vihaan Kapoor,17,Male,11th,Semester 3,4.2,7.3,4.4,7,70.7,47.3,51.2,1
STU-01384,Krishna Gupta,15,Other,9th,Semester 2,1.9,5.5,4.9,4,51.8,43.7,29.6,0
STU-01385,Khushi Verma,16,Female,12th,Semester 3,3.4,8.2,2.1,5,71.9,60.9,60.8,1
STU-01386,Anand Kumar,16,Male,12th,Semester 1,2.5,7.9,3.5,4,71.4,71.5,68.3,1
STU-01387,Vivaan Deshmukh,18,Other,12th,Semester 3,3.2,7.0,0.6,6,65.5,73.5,57.6,1
STU-01388,Siddharth Verma,20,Male,Undergraduate,Semester 4,6.9,7.5,4.2,7,72.3,74.4,67.7,1
STU-01389,Vivaan Mishra,15,Male,10th,Semester 4,4.5,8.2,5.6,7,96.3,72.3,61.6,1
STU-01390,Arnav Das,16,Male,9th,Semester 4,8.3,5.8,3.9,7,87.6,75.1,77.6,1
STU-01391,Navya Kumar,17,Female,11th,Semester 1,0.7,7.3,3.5,2,89.2,60.2,56.1,1
STU-01392,Myra Das,14,Female,10th,Semester 4,1.9,6.8,2.0,4,76.5,61.4,61.4,1
STU-01393,Vihaan Mishra,16,Male,9th,Semester 1,3.6,5.3,3.8,6,97.3,60.0,62.7,1
STU-01394,Shaurya Mishra,19,Male,Undergraduate,Semester 4,1.9,8.1,0.5,3,41.1,45.7,30.7,0
STU-01395,Anand Iyer,14,Male,10th,Semester 2,2.4,6.8,1.6,5,62.5,43.7,49.5,0
STU-01396,Kabir Nair,18,Male,12th,Semester 2,4.7,6.9,2.7,7,92.6,81.3,74.5,1
STU-01397,Advik Rao,17,Male,11th,Semester 2,1.6,8.4,2.4,4,45.5,40.6,29.6,0
STU-01398,Avani Deshmukh,14,Female,10th,Semester 2,7.4,7.4,11.0,7,76.0,68.0,72.4,1
STU-01399,Arjun Mishra,17,Male,11th,Semester 4,1.6,7.9,2.7,4,87.4,54.0,51.0,1
STU-01400,Advik Deshmukh,16,Male,9th,Semester 2,3.2,6.7,1.0,5,93.2,67.1,59.9,1
STU-01401,Avani Kapoor,15,Female,10th,Semester 2,3.5,9.1,0.7,6,73.5,73.3,68.1,1
STU-01402,Sneha Bose,20,Female,Undergraduate,Semester 3,1.7,5.8,11.0,4,91.3,38.6,28.2,0
STU-01403,Aadhya Kulkarni,21,Female,Undergraduate,Semester 4,4.3,8.1,2.3,6,70.2,78.4,62.8,1
STU-01404,Anushka Bose,15,Female,9th,Semester 4,2.6,8.0,2.1,5,58.8,43.2,47.6,0
STU-01405,Pooja Choudhury,20,Female,Undergraduate,Semester 1,4.7,8.2,4.5,7,80.6,76.4,74.7,1
STU-01406,Tara Rao,16,Female,12th,Semester 1,4.1,8.0,6.7,6,77.2,66.9,64.8,1
STU-01407,Angel Reddy,21,Female,Undergraduate,Semester 2,7.1,5.3,9.7,7,60.0,54.5,46.6,0
STU-01408,Aaradhya Gupta,16,Female,10th,Semester 2,1.4,6.5,2.3,4,76.5,61.2,45.6,0
STU-01409,Saanvi Kumar,19,Female,Undergraduate,Semester 1,3.8,5.9,1.8,6,80.8,78.2,66.8,1
STU-01410,Reyansh Mehta,18,Male,12th,Semester 3,2.1,6.1,3.7,5,71.6,44.8,46.7,0
STU-01411,Tanvi Singh,18,Female,12th,Semester 4,2.9,6.3,4.4,4,77.6,65.7,55.3,1
STU-01412,Aanya Mishra,18,Female,11th,Semester 1,1.6,6.6,3.3,4,73.1,52.4,44.4,0
STU-01413,Anushka Gupta,16,Female,9th,Semester 2,1.1,8.4,7.7,3,93.8,58.6,59.2,1
STU-01414,Tara Bose,18,Female,12th,Semester 2,2.3,5.7,3.3,5,65.4,61.6,47.5,0
STU-01415,Priyanka Mehta,18,Female,Undergraduate,Semester 1,6.0,6.7,2.5,7,72.7,77.3,64.3,1
STU-01416,Arnav Gupta,16,Male,11th,Semester 4,3.2,6.3,4.0,6,80.1,68.2,61.7,1
STU-01417,Sara Bose,17,Female,12th,Semester 4,8.2,8.8,5.7,7,72.1,56.5,62.8,1
STU-01418,Avani Joshi,17,Female,12th,Semester 3,1.7,8.0,2.3,3,91.4,66.4,54.6,1
STU-01419,Aaradhya Gupta,22,Female,Undergraduate,Semester 3,5.7,6.0,3.6,7,87.9,85.3,81.9,1
STU-01420,Angel Kapoor,20,Female,Undergraduate,Semester 2,1.8,7.6,5.4,3,93.6,55.6,58.2,1
STU-01421,Anand Iyer,16,Male,11th,Semester 4,5.5,7.3,2.8,7,74.0,65.0,70.0,1
STU-01422,Aaryan Kapoor,18,Male,11th,Semester 4,1.4,5.9,1.9,3,76.0,58.2,50.1,1
STU-01423,Priyanka Kapoor,16,Female,12th,Semester 2,0.8,5.8,6.2,3,61.1,41.0,37.3,0
STU-01424,Reyansh Patel,16,Male,11th,Semester 1,0.7,6.9,5.8,3,71.3,50.4,44.2,0
STU-01425,Rohan Singh,16,Male,9th,Semester 2,2.2,7.4,1.6,5,88.6,79.1,58.2,1
STU-01426,Reyansh Singh,15,Male,9th,Semester 1,4.7,6.9,0.5,7,49.9,65.1,61.9,1
STU-01427,Kabir Singh,18,Male,11th,Semester 1,2.6,6.8,4.5,5,68.3,54.3,50.2,1
STU-01428,Kavya Kulkarni,15,Female,10th,Semester 4,4.2,6.8,6.1,6,87.3,71.8,68.6,1
STU-01429,Meera Mehta,18,Female,11th,Semester 1,5.3,6.9,3.0,7,53.1,57.8,59.1,1
STU-01430,Kabir Bose,16,Male,12th,Semester 2,3.1,7.6,0.8,5,87.6,62.2,68.3,1
STU-01431,Ayaan Kapoor,16,Male,12th,Semester 4,3.6,6.5,2.4,5,69.0,59.1,52.6,1
STU-01432,Tanvi Mishra,14,Female,9th,Semester 4,2.1,8.9,3.5,5,77.8,55.7,44.6,0
STU-01433,Sara Nair,17,Female,11th,Semester 1,1.3,7.7,6.1,3,88.0,57.1,60.3,1
STU-01434,Arnav Rao,16,Male,9th,Semester 1,2.0,7.2,6.3,4,73.1,43.9,47.4,0
STU-01435,Aaradhya Sharma,17,Female,12th,Semester 2,4.8,6.2,1.8,7,79.2,65.3,68.8,1
STU-01436,Tanvi Malhotra,15,Female,10th,Semester 1,1.5,9.7,3.6,4,86.5,65.4,54.9,1
STU-01437,Dhruv Sharma,16,Male,10th,Semester 1,4.0,5.7,6.0,7,79.9,74.1,54.9,1
STU-01438,Kabir Reddy,22,Male,Undergraduate,Semester 1,2.2,7.0,0.9,4,85.5,58.1,59.0,1
STU-01439,Riya Mishra,16,Female,12th,Semester 1,1.8,8.3,1.6,3,98.6,71.3,65.0,1
STU-01440,Tara Bhat,16,Female,11th,Semester 3,4.4,6.5,5.8,6,74.9,79.5,64.6,1
STU-01441,Riya Choudhury,17,Female,11th,Semester 4,2.2,8.3,4.5,4,58.6,55.0,44.6,0
STU-01442,Aarav Verma,15,Male,10th,Semester 1,8.4,7.2,2.2,7,85.8,86.2,89.1,1
STU-01443,Tanvi Iyer,18,Female,11th,Semester 2,1.1,8.2,4.3,3,91.9,59.1,43.8,0
STU-01444,Priyanka Gupta,14,Female,10th,Semester 2,1.4,7.0,2.7,4,84.5,61.8,56.7,1
STU-01445,Dhruv Chouhan,16,Male,10th,Semester 1,1.7,6.3,1.9,3,77.9,65.6,51.8,1
STU-01446,Atharv Nair,17,Male,12th,Semester 1,6.2,7.7,8.2,7,56.1,71.8,58.6,1
STU-01447,Aaradhya Kumar,14,Female,9th,Semester 4,2.4,7.3,9.1,4,71.9,55.2,48.1,0
STU-01448,Aaryan Deshmukh,18,Male,12th,Semester 1,2.7,7.7,6.9,4,95.5,59.7,52.6,1
STU-01449,Kavya Kulkarni,17,Female,12th,Semester 3,2.1,6.3,1.2,4,91.0,74.3,50.4,1
STU-01450,Sara Verma,16,Female,11th,Semester 4,4.0,7.1,1.9,6,82.9,61.1,61.4,1
STU-01451,Riya Kulkarni,18,Female,12th,Semester 3,7.9,6.4,2.4,7,93.0,83.4,87.5,1
STU-01452,Sara Iyer,19,Female,Undergraduate,Semester 1,1.2,6.2,1.7,3,79.7,53.6,45.7,0
STU-01453,Saanvi Mehta,17,Female,12th,Semester 1,2.7,5.8,6.6,5,62.5,44.0,35.1,0
STU-01454,Arnav Rao,15,Male,9th,Semester 2,3.4,6.0,6.1,6,86.9,67.4,60.3,1
STU-01455,Ishaan Deshmukh,17,Male,11th,Semester 2,5.3,6.7,4.9,7,61.3,69.0,61.2,1
STU-01456,Sneha Gupta,16,Female,12th,Semester 2,2.8,6.2,4.8,5,85.9,63.8,53.8,1
STU-01457,Dhruv Mehta,16,Male,9th,Semester 3,1.8,6.5,4.9,3,61.0,38.5,42.2,0
STU-01458,Pooja Rao,22,Female,Undergraduate,Semester 1,1.7,7.4,1.0,4,71.0,65.9,51.3,1
STU-01459,Navya Nair,16,Female,9th,Semester 2,2.4,7.3,3.0,4,87.7,62.0,60.6,1
STU-01460,Kavya Bose,21,Female,Undergraduate,Semester 1,2.0,6.7,0.9,4,82.5,62.2,55.7,1
STU-01461,Isha Rao,18,Female,12th,Semester 4,4.5,5.1,1.3,7,66.2,68.4,52.2,1
STU-01462,Tara Choudhury,16,Female,11th,Semester 2,1.4,7.4,2.6,3,97.9,61.3,55.5,1
STU-01463,Angel Reddy,18,Female,Undergraduate,Semester 4,3.2,7.8,1.7,5,72.6,80.5,59.7,1
STU-01464,Kavya Singh,16,Female,10th,Semester 3,1.5,6.9,11.0,3,40.0,30.0,16.9,0
STU-01465,Navya Joshi,17,Female,11th,Semester 4,2.8,6.8,4.3,5,87.3,78.9,57.9,1
STU-01466,Tanvi Bhat,15,Female,10th,Semester 4,6.0,7.8,2.5,7,79.3,70.8,68.1,1
STU-01467,Shaurya Bhat,16,Male,9th,Semester 4,6.2,6.5,1.4,7,72.6,72.4,63.6,1
STU-01468,Pranav Bose,14,Male,10th,Semester 1,6.1,7.0,4.2,7,40.0,41.2,57.8,1
STU-01469,Riya Gupta,16,Female,10th,Semester 2,3.4,8.5,3.0,5,74.2,59.9,56.1,1
STU-01470,Pooja Chouhan,17,Female,11th,Semester 4,5.0,6.9,2.8,7,80.9,70.4,69.9,1
STU-01471,Khushi Sharma,17,Female,11th,Semester 2,2.3,6.7,4.4,4,80.9,71.5,66.9,1
STU-01472,Navya Mehta,18,Female,11th,Semester 1,2.9,9.1,2.3,5,40.0,44.1,39.9,0
STU-01473,Pranav Kapoor,17,Male,11th,Semester 4,2.7,6.3,11.0,4,62.7,33.2,28.7,0
STU-01474,Vivaan Chouhan,20,Male,Undergraduate,Semester 1,2.4,7.6,0.7,5,52.9,48.4,47.1,0
STU-01475,Navya Banerjee,15,Female,10th,Semester 1,5.3,6.7,3.8,7,89.0,66.5,64.7,1
STU-01476,Muhammad Kapoor,16,Male,9th,Semester 1,3.8,7.3,4.8,7,62.2,53.1,40.8,0
STU-01477,Aaryan Das,16,Male,10th,Semester 4,3.8,6.1,6.8,6,85.3,64.7,61.4,1
STU-01478,Rohan Das,16,Male,11th,Semester 2,6.3,7.1,5.5,7,91.5,84.2,66.7,1
STU-01479,Aditya Deshmukh,17,Male,11th,Semester 3,3.1,5.9,4.2,6,80.1,56.6,59.4,1
STU-01480,Pari Reddy,15,Female,10th,Semester 1,1.2,8.1,3.0,2,84.7,53.6,51.0,1
STU-01481,Muhammad Malhotra,16,Male,10th,Semester 3,1.6,6.2,5.1,3,72.3,51.2,45.3,0
STU-01482,Advik Singh,14,Other,9th,Semester 4,3.2,6.3,2.3,6,80.0,68.4,66.8,1
STU-01483,Arjun Kapoor,17,Male,12th,Semester 1,2.7,5.9,4.0,4,84.5,59.2,55.0,1
STU-01484,Pooja Rao,15,Female,10th,Semester 2,2.1,7.5,6.9,4,83.9,66.0,61.3,1
STU-01485,Krishna Rao,16,Male,11th,Semester 3,0.8,6.6,0.9,2,89.3,65.7,48.2,0
STU-01486,Kabir Bose,18,Male,11th,Semester 3,3.1,7.4,3.8,5,78.2,58.7,59.0,1
STU-01487,Meera Joshi,16,Female,10th,Semester 3,2.9,7.4,1.1,5,71.2,60.5,50.5,1
STU-01488,Meera Singh,14,Female,9th,Semester 4,3.2,5.9,4.2,6,77.2,59.4,53.3,1
STU-01489,Vivaan Patel,16,Male,10th,Semester 3,1.4,6.7,0.9,3,68.9,64.2,42.5,0
STU-01490,Vihaan Mishra,16,Male,12th,Semester 2,2.3,6.3,2.0,4,63.2,55.5,39.2,0
STU-01491,Muhammad Choudhury,17,Male,12th,Semester 3,2.1,6.9,6.8,4,89.3,49.5,49.8,0
STU-01492,Arjun Deshmukh,15,Male,10th,Semester 1,6.6,6.8,4.5,7,65.3,59.7,63.5,1
STU-01493,Priyanka Joshi,16,Female,11th,Semester 1,3.0,7.3,2.0,5,91.6,73.9,62.3,1
STU-01494,Ishaan Kapoor,15,Male,9th,Semester 1,9.6,7.6,6.5,7,95.0,77.0,83.9,1
STU-01495,Avani Rao,17,Female,12th,Semester 4,3.5,7.0,2.9,5,89.2,74.6,66.6,1
STU-01496,Anushka Reddy,15,Female,10th,Semester 3,3.0,7.8,1.0,5,92.9,72.6,69.4,1
STU-01497,Vivaan Patel,19,Male,Undergraduate,Semester 1,3.2,8.0,5.4,6,85.9,68.0,53.5,1
STU-01498,Rohan Patel,15,Male,9th,Semester 3,6.8,7.0,1.5,7,65.0,69.7,69.5,1
STU-01499,Navya Mishra,16,Female,10th,Semester 3,1.6,8.0,1.2,3,77.6,54.2,45.7,0
STU-01500,Riya Bhat,16,Female,10th,Semester 1,2.0,5.2,3.6,4,93.6,60.0,53.9,1
STU-01501,Krishna Choudhury,16,Male,9th,Semester 1,7.2,7.1,4.2,7,71.1,74.0,81.3,1
STU-01502,Tanvi Banerjee,16,Female,11th,Semester 3,3.4,6.1,3.2,5,92.4,63.9,51.9,1
STU-01503,Diya Banerjee,18,Female,12th,Semester 3,4.7,6.8,4.2,7,91.7,76.0,68.9,1
STU-01504,Avani Iyer,16,Female,9th,Semester 2,6.4,7.0,3.0,7,67.5,53.8,63.0,1
STU-01505,Riya Deshmukh,16,Female,9th,Semester 3,7.7,6.0,3.8,7,86.9,77.7,69.6,1
STU-01506,Sai Deshmukh,18,Male,12th,Semester 2,4.4,6.4,3.8,7,80.2,70.4,62.4,1
STU-01507,Reyansh Nair,19,Male,Undergraduate,Semester 1,10.5,6.8,1.9,7,80.4,87.6,83.3,1
STU-01508,Arjun Patel,18,Male,Undergraduate,Semester 3,0.7,7.3,3.5,3,74.0,42.1,45.3,0
STU-01509,Dev Kulkarni,22,Male,Undergraduate,Semester 3,2.1,7.3,3.9,5,59.9,49.5,43.8,0
STU-01510,Riya Mishra,14,Female,10th,Semester 4,2.5,6.8,2.8,4,58.7,59.9,56.8,1
STU-01511,Sara Kulkarni,16,Female,11th,Semester 4,3.9,6.1,2.8,7,59.2,61.9,55.6,1
STU-01512,Saanvi Verma,16,Female,11th,Semester 4,5.5,7.9,3.1,7,56.2,69.7,60.7,1
STU-01513,Aditya Malhotra,16,Male,10th,Semester 3,4.9,8.3,1.4,7,74.3,72.6,62.4,1
STU-01514,Siddharth Bose,14,Male,9th,Semester 3,1.0,6.7,1.8,3,78.3,62.0,53.4,1
STU-01515,Atharv Rao,16,Male,10th,Semester 1,0.6,6.0,2.9,3,96.3,63.0,48.7,0
STU-01516,Sara Iyer,18,Female,12th,Semester 4,2.1,7.8,2.4,5,93.7,73.1,67.1,1
STU-01517,Ananya Banerjee,14,Female,10th,Semester 1,3.4,8.5,5.5,6,85.7,49.1,54.4,1
STU-01518,Angel Bhat,20,Female,Undergraduate,Semester 2,1.9,7.8,1.9,4,92.7,71.3,63.4,1
STU-01519,Anika Banerjee,19,Female,Undergraduate,Semester 3,6.9,7.9,3.6,7,95.1,85.2,73.1,1
STU-01520,Anika Rao,21,Female,Undergraduate,Semester 3,4.0,6.8,3.2,7,91.3,64.7,72.9,1
STU-01521,Tanvi Das,16,Female,9th,Semester 1,2.1,8.5,6.3,4,73.0,49.6,46.5,0
STU-01522,Advik Joshi,17,Male,11th,Semester 4,5.9,6.6,6.6,7,93.4,86.2,70.9,1
STU-01523,Krishna Chouhan,16,Male,11th,Semester 4,6.1,7.0,3.7,7,85.9,67.9,67.6,1
STU-01524,Muhammad Singh,17,Male,12th,Semester 2,2.4,6.8,8.7,5,86.7,50.0,47.0,0
STU-01525,Siddharth Reddy,15,Male,9th,Semester 4,2.7,8.6,1.3,5,89.0,68.3,61.0,1
STU-01526,Ananya Iyer,16,Female,11th,Semester 3,10.8,7.9,8.0,7,77.2,81.5,79.7,1
STU-01527,Arjun Sharma,16,Male,12th,Semester 4,4.6,8.2,2.6,7,84.1,70.9,66.7,1
STU-01528,Anushka Verma,15,Other,9th,Semester 1,6.1,6.3,5.6,7,81.5,61.8,55.9,1
STU-01529,Tanvi Kumar,16,Female,9th,Semester 3,8.5,5.4,2.8,7,97.4,73.4,77.7,1
STU-01530,Kavya Verma,14,Female,10th,Semester 2,1.8,5.9,2.8,4,77.4,53.7,50.3,1
STU-01531,Aaryan Kapoor,20,Male,Undergraduate,Semester 2,2.5,6.4,3.4,4,88.7,62.3,53.1,1
STU-01532,Reyansh Singh,16,Male,12th,Semester 3,5.0,5.9,2.1,7,62.5,71.3,61.8,1
STU-01533,Reyansh Kumar,22,Male,Undergraduate,Semester 1,3.2,5.5,3.7,5,79.3,67.0,69.7,1
STU-01534,Kabir Joshi,16,Male,10th,Semester 1,9.5,4.5,1.8,7,72.4,92.9,71.3,1
STU-01535,Sneha Reddy,16,Female,10th,Semester 1,6.1,6.5,4.0,7,82.3,87.5,75.5,1
STU-01536,Arjun Bose,16,Male,12th,Semester 2,2.9,6.4,3.4,5,94.6,62.3,61.8,1
STU-01537,Saanvi Gupta,14,Female,10th,Semester 4,3.6,7.2,0.5,6,82.1,79.2,74.4,1
STU-01538,Aaradhya Nair,14,Female,10th,Semester 3,3.2,4.3,1.9,6,79.1,70.0,53.6,1
STU-01539,Khushi Das,16,Female,12th,Semester 3,1.6,5.6,1.6,3,92.7,54.5,56.6,1
STU-01540,Diya Sharma,19,Female,Undergraduate,Semester 3,3.4,5.9,2.4,5,66.2,72.0,57.5,1
STU-01541,Muhammad Deshmukh,17,Male,11th,Semester 2,0.7,7.3,7.4,2,46.8,41.4,33.6,0
STU-01542,Kavya Das,16,Female,10th,Semester 3,6.0,8.2,6.6,7,40.0,54.8,51.8,1
STU-01543,Krishna Bhat,15,Male,10th,Semester 3,3.7,6.1,1.7,6,82.8,70.8,58.2,1
STU-01544,Navya Singh,14,Female,10th,Semester 3,2.0,6.0,3.6,3,40.0,39.6,30.0,0
STU-01545,Kavya Verma,16,Female,12th,Semester 2,3.1,6.0,2.3,5,64.7,54.3,58.5,1
STU-01546,Meera Bhat,16,Female,12th,Semester 2,4.8,5.1,2.8,7,89.5,72.7,65.6,1
STU-01547,Rohan Mehta,16,Male,12th,Semester 2,9.1,8.3,3.6,7,78.1,81.2,80.7,1
STU-01548,Atharv Das,14,Male,9th,Semester 4,4.4,6.6,2.2,7,86.9,72.1,69.6,1
STU-01549,Avani Verma,18,Female,11th,Semester 2,5.3,5.8,3.4,7,84.9,83.9,75.7,1
STU-01550,Aditya Iyer,16,Male,12th,Semester 1,1.8,6.7,0.7,4,74.4,60.2,51.7,1
STU-01551,Dev Kapoor,17,Male,12th,Semester 4,3.0,6.4,10.5,6,66.5,44.9,42.1,0
STU-01552,Siddharth Iyer,18,Male,12th,Semester 3,3.9,6.7,6.0,6,51.0,52.0,51.6,1
STU-01553,Arjun Deshmukh,18,Male,12th,Semester 2,1.6,7.4,2.6,3,69.4,47.3,47.5,0
STU-01554,Tara Das,18,Female,12th,Semester 1,1.5,5.3,4.2,3,70.5,60.0,55.1,1
STU-01555,Sara Iyer,17,Female,11th,Semester 3,6.4,7.8,2.0,7,50.9,59.5,74.3,1
STU-01556,Muhammad Bose,15,Male,9th,Semester 2,3.4,8.7,0.6,5,67.3,54.3,39.7,0
STU-01557,Advik Choudhury,17,Male,12th,Semester 1,1.9,8.5,1.5,3,72.6,57.3,59.6,1
STU-01558,Dhruv Bose,19,Male,Undergraduate,Semester 2,3.0,7.0,3.5,6,84.1,67.5,55.9,1
STU-01559,Krishna Nair,16,Male,11th,Semester 2,2.3,5.4,5.9,5,78.4,52.8,47.5,0
STU-01560,Atharv Mehta,16,Male,9th,Semester 4,0.7,6.5,1.6,3,94.7,68.1,55.8,1
STU-01561,Meera Kulkarni,15,Female,10th,Semester 4,3.3,6.5,1.1,6,93.1,70.9,65.3,1
STU-01562,Aadhya Nair,18,Female,11th,Semester 2,2.6,6.9,1.5,5,88.6,61.6,60.9,1
STU-01563,Priyanka Nair,16,Female,11th,Semester 2,0.8,4.9,5.7,3,84.3,52.3,45.1,0
STU-01564,Dhruv Banerjee,18,Male,11th,Semester 2,2.9,8.4,2.4,5,40.0,40.6,38.5,0
STU-01565,Riya Sharma,18,Female,12th,Semester 4,2.5,7.5,4.5,5,67.4,53.9,49.2,0
STU-01566,Krishna Kapoor,16,Male,10th,Semester 3,2.0,7.9,5.4,4,72.6,58.5,52.6,1
STU-01567,Atharv Mehta,18,Male,12th,Semester 2,2.3,7.9,2.0,4,92.5,62.6,61.3,1
STU-01568,Shaurya Nair,16,Male,12th,Semester 2,1.6,6.5,6.1,3,79.9,54.1,38.1,0
STU-01569,Sneha Gupta,15,Female,9th,Semester 1,2.8,5.7,3.8,4,94.8,68.6,63.9,1
STU-01570,Aaryan Bhat,17,Male,11th,Semester 1,2.1,7.5,0.8,4,83.7,60.8,65.8,1
STU-01571,Vihaan Gupta,17,Male,11th,Semester 2,7.1,8.4,1.7,7,91.7,81.4,72.0,1
STU-01572,Rohan Kumar,15,Male,10th,Semester 4,4.2,6.5,5.4,7,77.8,48.9,46.0,0
STU-01573,Angel Patel,15,Female,9th,Semester 4,4.8,6.5,3.8,7,51.7,42.9,44.5,0
STU-01574,Aarav Rao,16,Male,9th,Semester 1,2.4,7.3,2.1,4,68.6,67.9,59.8,1
STU-01575,Myra Kapoor,14,Female,10th,Semester 1,2.5,7.2,4.9,4,72.4,51.9,42.8,0
STU-01576,Kabir Mehta,17,Male,12th,Semester 4,3.1,6.2,0.5,5,66.9,61.5,63.6,1
STU-01577,Sai Mehta,18,Male,Undergraduate,Semester 3,3.0,6.9,1.9,5,91.5,68.1,69.0,1
STU-01578,Arjun Mehta,16,Male,12th,Semester 3,5.7,5.5,1.3,7,81.3,70.6,63.7,1
STU-01579,Diya Kumar,21,Female,Undergraduate,Semester 2,2.3,6.7,5.8,4,81.9,63.4,60.4,1
STU-01580,Ayaan Gupta,15,Male,10th,Semester 1,6.2,9.0,1.6,7,83.4,65.2,69.4,1
STU-01581,Advik Joshi,22,Male,Undergraduate,Semester 4,1.8,6.7,2.1,4,61.9,54.8,44.3,0
STU-01582,Pari Chouhan,18,Female,Undergraduate,Semester 2,1.0,5.3,4.6,3,81.0,52.6,48.1,0
STU-01583,Angel Joshi,16,Female,11th,Semester 3,1.7,6.9,5.7,3,64.9,64.4,47.5,0
STU-01584,Aditya Nair,15,Male,9th,Semester 1,0.7,7.4,5.9,2,78.4,60.1,43.8,0
STU-01585,Tanvi Gupta,14,Female,9th,Semester 2,0.7,7.9,0.9,2,71.0,47.2,44.6,0
STU-01586,Muhammad Bose,15,Male,9th,Semester 4,3.4,6.8,5.3,5,72.5,46.3,43.6,0
STU-01587,Anushka Joshi,16,Female,10th,Semester 4,9.0,7.0,1.9,7,58.2,76.3,78.3,1
STU-01588,Shaurya Reddy,18,Male,Undergraduate,Semester 2,3.4,6.1,3.3,6,71.8,56.4,56.0,1
STU-01589,Khushi Singh,18,Female,Undergraduate,Semester 3,2.9,7.6,1.0,5,53.1,57.1,45.4,0
STU-01590,Vivaan Kulkarni,16,Male,10th,Semester 4,2.0,7.6,2.0,4,77.9,66.2,53.0,1
STU-01591,Pranav Das,16,Male,10th,Semester 1,3.3,6.8,0.5,6,65.9,65.6,46.7,0
STU-01592,Priyanka Deshmukh,14,Female,9th,Semester 4,4.2,7.4,2.6,7,69.5,66.3,64.4,1
STU-01593,Dhruv Bose,15,Male,9th,Semester 2,5.5,6.8,6.8,7,57.3,56.2,56.3,1
STU-01594,Angel Verma,17,Female,12th,Semester 1,7.8,6.9,3.5,7,55.7,86.4,77.0,1
STU-01595,Pranav Das,16,Male,11th,Semester 2,1.4,7.4,5.1,3,79.8,55.4,42.9,0
STU-01596,Anand Choudhury,14,Male,10th,Semester 4,4.0,7.6,4.4,7,85.2,76.5,73.0,1
STU-01597,Priyanka Mehta,17,Female,11th,Semester 4,3.0,5.8,1.8,6,88.5,61.5,59.4,1
STU-01598,Diya Das,14,Female,10th,Semester 2,0.9,6.7,3.5,2,48.7,43.3,30.6,0
STU-01599,Vivaan Choudhury,18,Male,11th,Semester 4,7.9,7.2,0.7,7,50.1,74.9,77.2,1
STU-01600,Ishaan Verma,15,Male,10th,Semester 1,4.3,5.9,4.5,6,85.1,69.4,67.8,1
STU-01601,Sneha Deshmukh,16,Female,10th,Semester 4,4.0,7.6,0.6,7,86.9,76.3,68.5,1
STU-01602,Advik Reddy,16,Male,10th,Semester 4,8.3,6.4,0.5,7,89.4,99.0,100.0,1
STU-01603,Anika Joshi,18,Other,12th,Semester 4,2.6,9.0,1.4,4,93.8,61.1,64.8,1
STU-01604,Pari Joshi,14,Female,10th,Semester 1,5.6,6.6,1.1,7,77.3,75.2,70.0,1
STU-01605,Saanvi Mehta,14,Female,9th,Semester 1,4.7,7.7,2.6,7,40.0,55.6,51.5,1
STU-01606,Advaith Sharma,21,Male,Undergraduate,Semester 4,2.6,6.4,4.0,5,67.7,52.0,49.4,0
STU-01607,Tanvi Chouhan,18,Female,Undergraduate,Semester 2,1.1,6.7,4.6,2,93.7,61.5,56.3,1
STU-01608,Aadhya Mishra,18,Female,12th,Semester 2,2.2,6.8,6.4,5,84.5,58.7,45.2,0
STU-01609,Kavya Choudhury,17,Female,12th,Semester 1,9.3,6.5,2.9,7,93.2,77.6,82.8,1
STU-01610,Advaith Das,22,Male,Undergraduate,Semester 2,2.4,7.5,0.6,4,76.8,69.2,50.5,1
STU-01611,Shaurya Kapoor,15,Male,10th,Semester 2,8.6,5.0,3.1,7,92.6,88.1,79.9,1
STU-01612,Meera Bose,19,Female,Undergraduate,Semester 4,2.2,9.1,1.9,5,68.2,64.7,52.6,1
STU-01613,Arnav Verma,17,Male,12th,Semester 2,0.8,7.7,10.3,3,89.1,46.2,52.1,1
STU-01614,Advaith Sharma,15,Male,10th,Semester 1,5.4,4.8,2.7,7,90.8,80.7,71.6,1
STU-01615,Anika Das,18,Female,12th,Semester 3,4.3,6.6,4.8,6,83.2,78.1,72.3,1
STU-01616,Shaurya Kapoor,15,Male,10th,Semester 4,6.3,4.3,11.0,7,87.1,57.2,33.5,0
STU-01617,Isha Iyer,22,Female,Undergraduate,Semester 2,3.0,8.1,1.8,5,69.0,52.8,40.9,0
STU-01618,Reyansh Choudhury,16,Male,9th,Semester 3,3.2,5.9,4.9,6,95.3,66.0,68.1,1
STU-01619,Aditya Mehta,16,Male,9th,Semester 1,2.8,7.2,3.4,5,73.1,66.5,46.1,0
STU-01620,Saanvi Patel,16,Female,10th,Semester 1,4.1,6.6,1.4,6,70.2,61.7,65.5,1
STU-01621,Aanya Bose,17,Female,12th,Semester 2,10.6,8.2,4.4,7,77.1,96.3,91.1,1
STU-01622,Navya Mehta,15,Female,9th,Semester 3,2.6,7.6,1.7,4,78.9,62.0,59.7,1
STU-01623,Advaith Nair,22,Male,Undergraduate,Semester 1,4.4,8.1,0.8,6,75.2,78.9,76.9,1
STU-01624,Ayaan Kapoor,17,Male,11th,Semester 1,2.5,5.3,3.0,5,81.0,62.2,50.9,1
STU-01625,Ayaan Gupta,16,Male,12th,Semester 2,2.2,7.1,1.7,5,96.1,81.1,75.6,1
STU-01626,Kavya Chouhan,16,Female,9th,Semester 4,4.0,6.0,5.4,7,65.0,63.1,48.6,0
STU-01627,Avani Sharma,18,Female,12th,Semester 4,0.9,6.0,1.9,2,90.2,69.9,68.1,1
STU-01628,Ishaan Joshi,18,Male,12th,Semester 3,3.1,5.0,1.5,5,89.9,61.5,55.2,1
STU-01629,Avani Joshi,16,Female,12th,Semester 3,3.1,8.9,3.9,6,65.9,46.8,43.8,0
STU-01630,Shaurya Patel,15,Male,10th,Semester 3,4.4,6.9,1.4,7,82.3,73.2,68.9,1
STU-01631,Priyanka Das,19,Female,Undergraduate,Semester 2,1.4,5.4,3.5,3,70.4,50.5,41.3,0
STU-01632,Priyanka Choudhury,14,Female,10th,Semester 2,1.1,8.7,2.7,2,94.8,72.9,61.7,1
STU-01633,Aaradhya Reddy,15,Female,10th,Semester 4,1.8,9.8,5.0,4,87.2,52.9,52.0,1
STU-01634,Tanvi Rao,14,Female,10th,Semester 4,3.5,5.5,6.0,6,66.6,52.1,43.3,0
STU-01635,Arnav Gupta,18,Male,11th,Semester 4,8.3,6.7,9.1,7,95.7,79.2,64.1,1
STU-01636,Reyansh Verma,16,Male,11th,Semester 3,2.8,7.5,4.2,4,91.2,69.9,59.2,1
STU-01637,Pranav Bose,16,Male,9th,Semester 4,3.6,6.7,2.9,6,93.7,62.7,58.8,1
STU-01638,Reyansh Kumar,16,Male,11th,Semester 3,2.4,8.6,4.6,5,70.7,57.3,52.0,1
STU-01639,Pari Kulkarni,22,Female,Undergraduate,Semester 4,0.6,6.5,2.6,2,73.2,56.3,47.7,0
STU-01640,Priyanka Choudhury,17,Female,11th,Semester 4,3.6,10.0,3.8,6,74.0,56.5,48.3,0
STU-01641,Krishna Chouhan,19,Male,Undergraduate,Semester 1,3.5,5.9,2.3,5,85.9,63.8,61.1,1
STU-01642,Priyanka Malhotra,15,Female,10th,Semester 3,5.8,8.6,1.8,7,46.6,72.9,56.5,1
STU-01643,Tanvi Mishra,16,Female,11th,Semester 1,3.3,6.5,3.8,6,86.6,62.5,59.5,1
STU-01644,Aaryan Chouhan,20,Male,Undergraduate,Semester 2,2.9,7.6,2.2,4,90.1,77.7,66.0,1
STU-01645,Ananya Mishra,14,Female,10th,Semester 2,3.7,7.6,2.2,5,72.8,61.5,50.9,1
STU-01646,Dev Kapoor,15,Male,9th,Semester 3,1.8,7.3,2.9,4,72.8,57.7,53.4,1
STU-01647,Aditya Verma,16,Male,11th,Semester 2,5.0,6.3,1.8,7,77.3,70.3,60.3,1
STU-01648,Pranav Choudhury,16,Male,10th,Semester 3,1.8,9.1,3.1,3,79.6,64.4,51.8,1
STU-01649,Vivaan Gupta,18,Male,11th,Semester 4,3.6,7.8,4.9,6,63.0,50.7,48.3,0
STU-01650,Pooja Choudhury,22,Female,Undergraduate,Semester 1,3.4,6.8,3.1,5,94.1,70.5,62.5,1
STU-01651,Anushka Mishra,18,Female,11th,Semester 4,5.2,7.6,2.9,7,88.6,74.6,73.7,1
STU-01652,Ayaan Patel,16,Male,9th,Semester 3,4.2,4.9,1.4,6,70.2,68.3,61.6,1
STU-01653,Pooja Mehta,20,Female,Undergraduate,Semester 4,6.7,9.4,1.1,7,83.4,75.9,76.6,1
STU-01654,Ananya Iyer,14,Female,10th,Semester 2,6.4,8.0,3.1,7,71.0,75.6,68.2,1
STU-01655,Reyansh Das,22,Male,Undergraduate,Semester 2,2.1,6.2,0.5,5,61.1,53.6,44.1,0
STU-01656,Sai Bhat,18,Male,11th,Semester 3,1.2,8.0,7.2,2,62.8,46.2,34.2,0
STU-01657,Navya Joshi,14,Female,10th,Semester 2,2.6,5.4,3.6,5,85.9,55.3,50.8,1
STU-01658,Reyansh Reddy,22,Male,Undergraduate,Semester 3,3.4,8.7,4.1,5,40.0,37.8,36.5,0
STU-01659,Muhammad Kumar,16,Male,11th,Semester 1,3.3,7.7,3.0,6,92.3,70.0,60.2,1
STU-01660,Navya Chouhan,17,Female,12th,Semester 2,4.2,7.2,1.8,6,91.8,74.3,75.4,1
STU-01661,Ishaan Deshmukh,18,Male,12th,Semester 1,3.2,8.2,2.1,5,72.5,59.0,53.4,1
STU-01662,Aadhya Nair,17,Female,11th,Semester 2,2.5,7.1,1.0,5,85.5,64.7,69.6,1
STU-01663,Kavya Joshi,18,Female,12th,Semester 4,2.8,8.8,1.0,4,77.4,72.6,61.0,1
STU-01664,Advik Verma,15,Male,9th,Semester 3,2.9,7.2,5.6,4,92.4,71.3,58.0,1
STU-01665,Diya Kumar,18,Female,12th,Semester 1,4.4,7.7,2.2,7,80.2,63.0,56.8,1
STU-01666,Dhruv Gupta,22,Male,Undergraduate,Semester 1,2.0,8.0,1.6,4,71.0,47.7,50.6,1
STU-01667,Kabir Deshmukh,18,Male,Undergraduate,Semester 2,2.3,6.6,2.0,4,88.1,67.4,56.8,1
STU-01668,Sara Banerjee,14,Female,9th,Semester 3,3.1,6.4,3.3,5,91.0,65.2,63.2,1
STU-01669,Ishaan Bhat,16,Male,10th,Semester 4,8.6,6.6,4.2,7,95.8,85.6,86.2,1
STU-01670,Myra Choudhury,18,Female,Undergraduate,Semester 3,1.8,6.4,2.4,3,97.1,68.4,61.3,1
STU-01671,Aaryan Das,16,Male,12th,Semester 4,3.6,6.6,0.8,5,81.7,76.6,66.2,1
STU-01672,Saanvi Bose,15,Female,9th,Semester 3,3.0,9.2,5.4,5,72.7,59.9,47.2,0
STU-01673,Aanya Rao,16,Female,9th,Semester 2,1.6,7.7,6.6,4,68.5,51.1,44.8,0
STU-01674,Anushka Mishra,16,Female,10th,Semester 4,3.1,6.2,4.6,6,90.4,55.2,47.4,0
STU-01675,Advik Kapoor,15,Male,10th,Semester 3,6.2,6.1,1.6,7,95.3,81.7,76.5,1
STU-01676,Atharv Chouhan,21,Male,Undergraduate,Semester 1,5.4,7.1,1.6,7,80.4,74.1,74.4,1
STU-01677,Sneha Banerjee,17,Female,11th,Semester 4,3.0,8.2,3.3,5,80.2,58.9,56.7,1
STU-01678,Riya Verma,20,Female,Undergraduate,Semester 1,0.5,6.1,5.3,3,71.3,42.7,38.8,0
STU-01679,Kabir Malhotra,16,Male,9th,Semester 1,0.8,6.7,8.6,2,90.9,49.1,39.7,0
STU-01680,Kavya Kumar,16,Female,10th,Semester 1,4.4,8.1,6.6,6,98.7,67.6,66.1,1
STU-01681,Advaith Das,18,Male,11th,Semester 4,2.3,6.2,6.1,5,87.1,63.2,48.9,0
STU-01682,Isha Bhat,18,Female,12th,Semester 2,3.0,5.2,8.1,6,89.8,61.4,50.5,1
STU-01683,Isha Rao,18,Female,11th,Semester 4,2.3,6.8,11.0,4,96.0,57.7,55.0,1
STU-01684,Anika Patel,22,Female,Undergraduate,Semester 3,4.9,7.8,4.7,7,84.1,56.1,54.4,1
STU-01685,Saanvi Nair,16,Female,10th,Semester 2,3.0,4.4,1.6,5,88.1,59.6,57.0,1
STU-01686,Meera Mehta,16,Female,12th,Semester 4,0.6,5.4,3.2,2,58.6,62.2,43.5,0
STU-01687,Krishna Joshi,17,Male,11th,Semester 2,5.9,7.9,4.2,7,92.1,81.5,84.8,1
STU-01688,Anushka Joshi,16,Female,10th,Semester 4,4.2,6.6,1.3,6,93.1,77.7,75.8,1
STU-01689,Ishaan Mishra,17,Male,11th,Semester 3,1.2,7.5,8.0,3,72.3,46.7,38.2,0
STU-01690,Saanvi Singh,18,Female,Undergraduate,Semester 4,1.5,7.6,2.3,4,76.6,55.7,43.5,0
STU-01691,Riya Nair,16,Female,10th,Semester 1,3.7,6.5,2.0,5,94.4,57.4,62.0,1
STU-01692,Kavya Verma,14,Female,9th,Semester 4,3.5,7.2,4.5,5,62.8,51.1,42.9,0
STU-01693,Aanya Rao,17,Female,12th,Semester 4,1.9,4.9,6.5,3,86.7,64.3,44.6,0
STU-01694,Tanvi Chouhan,20,Female,Undergraduate,Semester 1,2.1,7.5,2.7,5,88.0,61.6,66.4,1
STU-01695,Vihaan Chouhan,17,Male,11th,Semester 4,4.9,5.6,2.9,7,75.0,63.2,65.9,1
STU-01696,Vihaan Mishra,21,Male,Undergraduate,Semester 3,4.9,7.0,2.9,7,96.3,72.6,79.2,1
STU-01697,Advaith Kumar,16,Male,12th,Semester 2,4.8,7.4,2.6,7,61.8,56.7,63.5,1
STU-01698,Meera Patel,18,Female,Undergraduate,Semester 3,1.8,7.4,2.2,4,68.3,61.0,57.7,1
STU-01699,Pranav Malhotra,16,Male,12th,Semester 3,1.5,9.7,4.0,3,76.4,57.0,44.9,0
STU-01700,Kabir Patel,16,Male,12th,Semester 4,4.0,7.8,4.5,7,96.7,73.3,70.1,1
STU-01701,Riya Singh,17,Female,12th,Semester 3,7.8,7.5,3.1,7,53.7,74.9,72.0,1
STU-01702,Muhammad Mishra,17,Male,11th,Semester 4,6.5,7.4,1.9,7,62.3,68.0,56.8,1
STU-01703,Dev Sharma,14,Male,9th,Semester 4,2.3,7.0,3.4,4,94.1,70.4,66.9,1
STU-01704,Aarav Verma,18,Male,Undergraduate,Semester 1,4.1,6.0,11.0,6,78.6,54.5,48.6,0
STU-01705,Angel Patel,17,Female,12th,Semester 3,2.3,7.4,1.6,4,87.8,63.0,57.3,1
STU-01706,Angel Mishra,15,Female,10th,Semester 4,6.7,8.2,1.8,7,96.8,90.5,88.5,1
STU-01707,Kavya Malhotra,22,Female,Undergraduate,Semester 4,3.1,8.0,10.0,5,80.0,53.7,44.3,0
STU-01708,Pooja Nair,14,Female,10th,Semester 2,1.4,6.8,5.8,3,82.5,66.3,44.5,0
STU-01709,Advaith Gupta,18,Male,12th,Semester 4,3.1,7.1,2.8,5,56.3,70.6,53.4,1
STU-01710,Ayaan Banerjee,22,Male,Undergraduate,Semester 4,1.6,7.9,5.4,4,63.7,57.3,51.3,1
STU-01711,Advaith Das,16,Male,9th,Semester 3,7.4,7.4,0.5,7,76.9,76.4,81.5,1
STU-01712,Meera Mishra,16,Female,9th,Semester 4,0.9,6.9,6.9,2,72.5,48.2,38.8,0
STU-01713,Dhruv Mehta,18,Male,12th,Semester 4,7.6,7.8,6.4,7,89.2,82.5,77.5,1
STU-01714,Arnav Malhotra,18,Male,12th,Semester 2,2.4,7.9,6.1,5,84.2,55.5,54.7,1
STU-01715,Ananya Kumar,16,Female,9th,Semester 4,5.9,7.0,1.4,7,80.1,79.5,70.2,1
STU-01716,Tara Bhat,15,Female,10th,Semester 1,1.8,6.8,0.5,3,61.3,58.7,54.2,1
STU-01717,Dev Bose,18,Male,12th,Semester 4,2.1,7.6,3.6,4,61.0,63.7,54.0,1
STU-01718,Sneha Singh,20,Female,Undergraduate,Semester 2,3.1,5.7,1.6,5,76.2,71.6,53.1,1
STU-01719,Avani Mishra,15,Female,10th,Semester 4,7.7,6.6,2.6,7,74.4,77.6,81.0,1
STU-01720,Pooja Das,18,Female,11th,Semester 2,4.2,8.6,3.7,6,88.5,75.5,71.2,1
STU-01721,Pranav Joshi,15,Male,9th,Semester 2,4.1,7.1,2.4,6,86.5,71.8,74.1,1
STU-01722,Pooja Mehta,16,Female,10th,Semester 3,3.3,4.7,4.3,5,60.4,46.6,41.9,0
STU-01723,Muhammad Malhotra,17,Male,12th,Semester 2,3.2,5.9,8.4,5,85.6,74.4,65.8,1
STU-01724,Meera Reddy,19,Female,Undergraduate,Semester 3,0.5,6.5,7.6,2,75.1,48.8,34.9,0
STU-01725,Vivaan Bose,15,Male,10th,Semester 4,6.0,6.9,0.7,7,57.2,74.3,76.8,1
STU-01726,Ishaan Kulkarni,14,Male,9th,Semester 3,1.4,8.2,2.9,3,85.5,60.6,68.7,1
STU-01727,Arjun Singh,16,Male,12th,Semester 2,3.3,6.5,3.5,6,84.4,59.9,52.9,1
STU-01728,Khushi Gupta,14,Female,10th,Semester 3,0.9,6.3,1.3,3,92.9,58.8,56.7,1
STU-01729,Dev Mishra,16,Male,11th,Semester 2,4.6,8.2,0.7,7,62.3,60.8,48.2,0
STU-01730,Meera Gupta,14,Female,9th,Semester 1,6.2,6.6,2.4,7,68.5,68.8,60.6,1
STU-01731,Vihaan Chouhan,14,Male,9th,Semester 2,4.9,5.9,6.5,7,85.0,76.7,56.5,1
STU-01732,Aanya Deshmukh,15,Female,10th,Semester 3,1.9,7.8,3.5,4,97.3,68.3,68.8,1
STU-01733,Advik Kumar,17,Male,11th,Semester 1,0.9,6.2,4.5,2,83.0,50.4,45.2,0
STU-01734,Pranav Mehta,17,Male,12th,Semester 4,2.7,7.0,4.4,4,81.3,60.8,49.1,0
STU-01735,Riya Chouhan,17,Female,11th,Semester 1,3.1,6.9,5.2,5,69.8,63.7,62.8,1
STU-01736,Riya Rao,16,Female,10th,Semester 4,0.8,6.1,9.0,3,87.2,44.3,31.1,0
STU-01737,Anika Bose,19,Female,Undergraduate,Semester 2,4.2,6.8,7.0,6,56.4,55.0,42.3,0
STU-01738,Meera Das,18,Female,12th,Semester 2,3.9,5.7,3.1,6,79.3,59.7,62.1,1
STU-01739,Aadhya Rao,16,Female,11th,Semester 4,6.3,5.9,3.7,7,88.3,91.5,79.4,1
STU-01740,Riya Chouhan,19,Female,Undergraduate,Semester 2,3.0,6.9,5.0,6,73.1,61.7,67.9,1
STU-01741,Rohan Verma,21,Male,Undergraduate,Semester 2,6.0,9.3,1.8,7,98.9,75.1,77.7,1
STU-01742,Aaryan Choudhury,19,Male,Undergraduate,Semester 1,2.5,5.8,2.6,4,90.6,71.9,60.3,1
STU-01743,Vivaan Patel,14,Male,10th,Semester 4,1.4,8.2,1.4,3,68.0,71.5,60.0,1
STU-01744,Diya Mehta,18,Female,Undergraduate,Semester 2,3.3,7.7,5.0,5,74.6,55.5,61.8,1
STU-01745,Muhammad Das,16,Male,12th,Semester 3,0.8,7.0,2.9,3,60.6,63.4,46.4,0
STU-01746,Vivaan Kumar,16,Male,9th,Semester 2,1.3,6.2,3.6,3,77.5,71.1,54.6,1
STU-01747,Avani Mishra,15,Female,10th,Semester 2,5.9,9.4,2.6,7,67.2,79.6,68.5,1
STU-01748,Myra Chouhan,18,Female,11th,Semester 2,2.5,6.5,4.0,4,87.4,51.0,52.9,1
STU-01749,Advaith Sharma,15,Male,10th,Semester 4,10.0,8.6,2.1,7,47.8,81.8,77.2,1
STU-01750,Pooja Sharma,15,Female,9th,Semester 3,3.5,9.1,2.3,6,84.6,67.5,62.6,1
STU-01751,Saanvi Kulkarni,16,Female,10th,Semester 2,7.4,6.6,6.6,7,82.8,68.1,55.9,1
STU-01752,Navya Singh,14,Female,10th,Semester 4,2.7,6.8,1.4,5,88.9,66.8,65.1,1
STU-01753,Reyansh Deshmukh,15,Male,10th,Semester 3,2.5,4.8,1.7,4,49.1,43.7,46.0,0
STU-01754,Krishna Deshmukh,16,Male,9th,Semester 3,3.4,7.3,4.6,5,89.5,70.5,60.7,1
STU-01755,Advik Rao,15,Male,10th,Semester 3,3.6,6.1,1.4,6,96.2,81.4,59.9,1
STU-01756,Kabir Bose,16,Male,10th,Semester 4,3.0,4.0,4.8,5,85.7,60.3,53.6,1
STU-01757,Diya Mehta,20,Female,Undergraduate,Semester 3,2.5,8.4,2.3,5,89.7,72.8,59.3,1
STU-01758,Khushi Kapoor,21,Female,Undergraduate,Semester 2,8.2,5.5,8.7,7,90.4,81.6,69.4,1
STU-01759,Ayaan Patel,21,Male,Undergraduate,Semester 2,4.5,7.6,0.6,6,79.0,61.0,57.9,1
STU-01760,Ishaan Malhotra,19,Male,Undergraduate,Semester 4,7.3,5.3,3.4,7,79.7,82.8,76.6,1
STU-01761,Ishaan Das,18,Male,Undergraduate,Semester 2,2.1,4.3,3.4,4,63.8,46.0,33.0,0
STU-01762,Dhruv Singh,16,Male,9th,Semester 4,7.2,8.1,2.0,7,88.2,84.5,100.0,1
STU-01763,Priyanka Joshi,15,Female,10th,Semester 2,5.0,7.1,4.1,7,46.4,45.8,53.9,1
STU-01764,Vihaan Patel,19,Male,Undergraduate,Semester 3,7.0,7.3,0.5,7,71.8,75.7,64.9,1
STU-01765,Isha Bose,16,Female,9th,Semester 1,7.9,5.5,5.1,7,65.0,61.3,68.6,1
STU-01766,Muhammad Bhat,15,Male,10th,Semester 2,2.0,8.0,3.9,4,89.9,58.6,63.4,1
STU-01767,Pranav Malhotra,18,Male,11th,Semester 3,2.9,4.7,6.4,4,93.1,67.0,44.1,0
STU-01768,Isha Kapoor,16,Female,9th,Semester 4,2.0,5.7,2.8,3,68.7,51.3,51.7,1
STU-01769,Aarav Patel,16,Male,12th,Semester 4,2.8,7.1,7.5,5,89.8,65.5,54.6,1
STU-01770,Rohan Choudhury,16,Male,12th,Semester 1,3.2,8.6,5.3,5,82.6,71.6,57.5,1
STU-01771,Isha Rao,18,Female,12th,Semester 2,3.7,6.1,4.3,6,68.7,68.1,56.1,1
STU-01772,Vivaan Joshi,15,Male,10th,Semester 2,4.9,9.3,4.1,7,86.5,76.9,73.9,1
STU-01773,Ayaan Patel,21,Male,Undergraduate,Semester 2,2.9,6.3,3.7,5,86.6,53.5,56.5,1
STU-01774,Aaryan Sharma,18,Male,12th,Semester 4,6.6,7.0,9.5,7,66.8,66.5,56.6,1
STU-01775,Vihaan Singh,17,Male,11th,Semester 1,7.1,7.7,3.8,7,95.3,82.6,82.7,1
STU-01776,Saanvi Rao,16,Female,10th,Semester 2,8.2,4.7,1.5,7,88.8,78.3,85.6,1
STU-01777,Atharv Mehta,14,Male,10th,Semester 1,3.7,7.3,5.5,6,91.1,72.6,62.9,1
STU-01778,Avani Iyer,20,Female,Undergraduate,Semester 3,5.0,8.6,2.6,7,89.3,70.5,65.5,1
STU-01779,Arnav Gupta,17,Male,12th,Semester 4,4.4,8.5,2.5,7,46.1,65.8,50.5,1
STU-01780,Pooja Choudhury,15,Female,9th,Semester 2,2.7,7.0,2.7,4,48.4,49.9,57.7,1
STU-01781,Dev Singh,18,Male,11th,Semester 4,8.1,5.3,5.2,7,80.5,77.2,75.0,1
STU-01782,Meera Kapoor,14,Female,10th,Semester 1,3.5,7.7,5.2,6,77.1,56.5,60.0,1
STU-01783,Aadhya Verma,14,Female,10th,Semester 4,3.1,6.3,3.1,6,67.8,56.4,49.9,0
STU-01784,Anand Nair,22,Male,Undergraduate,Semester 1,3.1,7.7,5.4,5,99.4,70.5,75.9,1
STU-01785,Ishaan Bhat,14,Male,10th,Semester 2,2.8,8.3,2.1,4,85.2,57.2,60.3,1
STU-01786,Meera Das,15,Female,10th,Semester 1,3.8,7.1,7.0,6,70.0,79.2,65.3,1
STU-01787,Diya Kapoor,16,Female,11th,Semester 2,3.8,7.2,3.2,6,73.4,53.9,54.7,1
STU-01788,Siddharth Kulkarni,15,Male,9th,Semester 4,2.8,6.7,11.0,4,84.5,55.9,37.3,0
STU-01789,Sai Bose,18,Male,11th,Semester 1,0.9,6.0,3.7,2,51.5,43.6,45.6,0
STU-01790,Aadhya Das,15,Female,9th,Semester 3,1.4,7.3,0.8,3,88.7,75.4,65.0,1
STU-01791,Muhammad Mishra,18,Male,12th,Semester 4,1.2,7.5,3.0,2,77.0,62.7,52.1,1
STU-01792,Muhammad Verma,16,Male,11th,Semester 4,5.8,6.1,4.6,7,74.1,69.9,60.3,1
STU-01793,Aadhya Chouhan,14,Female,10th,Semester 3,2.0,7.3,2.1,4,70.9,55.3,48.1,0
STU-01794,Ayaan Bhat,21,Male,Undergraduate,Semester 4,4.8,4.9,2.7,7,85.2,70.5,63.0,1
STU-01795,Shaurya Mishra,15,Male,10th,Semester 1,0.9,5.5,5.5,2,89.9,57.2,51.1,1
STU-01796,Reyansh Das,14,Male,10th,Semester 2,3.1,6.8,5.7,6,82.8,69.3,64.3,1
STU-01797,Sai Gupta,16,Male,10th,Semester 2,4.3,6.8,2.3,7,72.1,53.8,53.6,1
STU-01798,Aanya Kumar,18,Female,11th,Semester 4,1.8,7.6,1.3,4,82.3,65.9,53.5,1
STU-01799,Advaith Kapoor,20,Male,Undergraduate,Semester 1,3.5,6.3,1.2,5,78.7,60.6,58.9,1
STU-01800,Navya Iyer,15,Female,10th,Semester 2,2.2,8.8,2.4,4,87.4,64.0,61.4,1
STU-01801,Navya Patel,14,Female,10th,Semester 1,5.4,5.2,1.1,7,65.4,70.4,77.9,1
STU-01802,Sara Banerjee,16,Female,11th,Semester 2,3.8,8.6,6.8,6,84.2,64.7,71.3,1
STU-01803,Sai Mehta,17,Male,12th,Semester 1,0.6,5.7,7.8,3,53.9,30.0,20.5,0
STU-01804,Meera Chouhan,17,Female,12th,Semester 4,1.2,5.5,1.6,2,72.6,53.7,44.2,0
STU-01805,Sai Mishra,21,Male,Undergraduate,Semester 4,3.8,6.6,0.8,6,77.9,64.8,60.3,1
STU-01806,Atharv Verma,16,Male,11th,Semester 3,2.2,7.3,1.1,4,84.3,71.5,60.6,1
STU-01807,Angel Patel,19,Other,Undergraduate,Semester 2,12.0,7.6,4.4,7,70.7,82.5,86.4,1
STU-01808,Aaryan Kumar,14,Male,9th,Semester 3,1.0,7.6,0.9,2,82.6,55.6,53.9,1
STU-01809,Angel Bhat,15,Female,9th,Semester 2,4.3,7.1,0.9,7,80.1,72.2,71.1,1
STU-01810,Dev Chouhan,14,Male,10th,Semester 1,6.3,8.9,2.6,7,93.6,73.9,73.6,1
STU-01811,Aarav Chouhan,14,Male,9th,Semester 4,1.4,4.6,1.0,3,68.4,45.0,43.5,0
STU-01812,Aaradhya Bhat,18,Female,Undergraduate,Semester 4,4.0,4.4,3.5,6,73.9,64.3,62.9,1
STU-01813,Isha Das,18,Female,11th,Semester 1,6.2,6.7,11.0,7,57.0,45.6,44.1,0
STU-01814,Anushka Nair,14,Female,9th,Semester 3,1.2,7.6,1.9,3,61.4,52.2,42.4,0
STU-01815,Muhammad Rao,21,Male,Undergraduate,Semester 4,2.3,5.6,3.0,5,79.1,56.6,44.1,0
STU-01816,Sneha Reddy,15,Female,10th,Semester 2,4.1,7.8,7.8,6,67.8,72.5,53.1,1
STU-01817,Khushi Bhat,14,Female,10th,Semester 2,3.4,5.8,6.3,6,65.4,60.5,45.4,0
STU-01818,Anika Sharma,15,Female,10th,Semester 4,7.5,5.9,0.5,7,81.1,79.0,68.4,1
STU-01819,Sai Bose,15,Male,10th,Semester 3,1.5,6.8,7.3,4,76.2,61.0,42.7,0
STU-01820,Sneha Mishra,16,Female,9th,Semester 2,2.5,6.3,1.6,4,73.8,59.0,53.2,1
STU-01821,Anika Bose,17,Female,12th,Semester 4,1.3,6.4,1.5,4,85.1,63.9,48.9,0
STU-01822,Myra Iyer,20,Female,Undergraduate,Semester 4,4.6,5.8,0.6,7,81.4,72.9,63.5,1
STU-01823,Avani Kulkarni,16,Female,10th,Semester 1,1.4,6.7,3.0,4,82.5,60.1,50.4,1
STU-01824,Aditya Kapoor,16,Male,12th,Semester 2,2.9,7.2,2.7,4,99.1,64.6,54.3,1
STU-01825,Anand Banerjee,14,Male,9th,Semester 3,3.5,6.9,1.8,6,85.4,73.1,65.6,1
STU-01826,Myra Verma,16,Female,11th,Semester 1,1.5,9.6,2.6,3,90.3,75.4,59.9,1
STU-01827,Riya Mishra,17,Female,12th,Semester 4,1.9,8.4,0.7,3,58.5,51.1,45.8,0
STU-01828,Aaryan Gupta,19,Male,Undergraduate,Semester 1,5.1,7.2,2.1,7,92.3,80.7,66.7,1
STU-01829,Advik Gupta,15,Male,9th,Semester 3,3.2,6.7,5.0,6,62.8,42.2,36.3,0
STU-01830,Rohan Nair,14,Male,9th,Semester 2,2.9,7.9,3.1,5,74.2,55.8,56.9,1
STU-01831,Pooja Kapoor,22,Female,Undergraduate,Semester 2,4.3,8.3,10.1,6,91.5,80.6,61.8,1
STU-01832,Ishaan Sharma,16,Male,9th,Semester 2,6.3,7.0,2.2,7,58.9,78.2,61.7,1
STU-01833,Dhruv Banerjee,14,Male,9th,Semester 4,4.9,7.6,1.1,7,74.7,69.3,74.5,1
STU-01834,Riya Nair,15,Female,9th,Semester 3,2.0,5.5,6.5,3,93.1,60.7,42.0,0
STU-01835,Anushka Mehta,18,Female,Undergraduate,Semester 2,4.3,9.0,3.0,6,70.4,67.3,67.8,1
STU-01836,Pranav Kulkarni,16,Male,12th,Semester 1,1.5,5.7,3.8,4,40.0,43.7,29.6,0
STU-01837,Dhruv Patel,16,Male,9th,Semester 1,2.4,5.5,2.6,5,96.5,82.7,73.0,1
STU-01838,Arnav Verma,14,Male,9th,Semester 3,1.7,7.7,2.2,4,63.6,51.5,44.6,0
STU-01839,Reyansh Chouhan,15,Male,9th,Semester 1,3.2,7.5,2.1,6,87.3,59.7,60.6,1
STU-01840,Myra Mehta,16,Female,11th,Semester 2,0.8,6.9,1.9,3,91.3,62.8,58.9,1
STU-01841,Aditya Kulkarni,18,Male,Undergraduate,Semester 1,5.3,5.9,2.8,7,94.4,79.9,68.8,1
STU-01842,Shaurya Verma,16,Male,11th,Semester 3,5.9,5.7,5.7,7,67.7,65.2,58.1,1
STU-01843,Rohan Chouhan,17,Other,11th,Semester 4,0.7,8.0,1.7,2,69.3,60.0,47.6,0
STU-01844,Kavya Reddy,16,Female,11th,Semester 4,0.7,8.8,11.0,3,56.8,52.3,26.0,0
STU-01845,Arnav Bhat,21,Male,Undergraduate,Semester 3,0.9,7.7,7.2,2,97.6,59.1,54.0,1
STU-01846,Meera Mehta,20,Female,Undergraduate,Semester 4,4.8,7.1,2.1,7,53.6,67.1,52.7,1
STU-01847,Krishna Bose,16,Male,12th,Semester 4,8.4,7.4,3.8,7,71.9,77.9,79.6,1
STU-01848,Pari Singh,16,Female,9th,Semester 1,6.5,6.7,4.0,7,92.6,84.4,83.3,1
STU-01849,Angel Singh,16,Female,12th,Semester 3,2.5,5.7,3.9,4,63.4,52.6,44.9,0
STU-01850,Pari Iyer,18,Female,Undergraduate,Semester 4,2.9,6.8,0.8,5,81.0,67.6,55.3,1
STU-01851,Pari Iyer,15,Female,10th,Semester 2,3.1,8.0,5.8,6,73.6,59.7,61.1,1
STU-01852,Pooja Bose,18,Female,12th,Semester 1,4.3,7.5,3.4,6,84.2,56.8,60.3,1
STU-01853,Krishna Singh,16,Male,10th,Semester 4,2.1,8.2,1.1,4,58.0,50.3,32.4,0
STU-01854,Muhammad Malhotra,17,Male,11th,Semester 1,2.2,6.6,1.2,4,75.8,65.6,62.0,1
STU-01855,Angel Rao,20,Female,Undergraduate,Semester 3,2.4,7.3,4.5,4,67.2,52.8,52.9,1
STU-01856,Pooja Kulkarni,16,Female,9th,Semester 4,2.3,5.1,3.1,5,89.6,54.8,47.5,0
STU-01857,Myra Iyer,16,Female,12th,Semester 1,7.0,7.7,2.4,7,68.2,68.3,69.2,1
STU-01858,Sara Bhat,17,Female,12th,Semester 1,4.7,7.0,1.3,7,75.6,66.3,73.1,1
STU-01859,Diya Choudhury,18,Female,12th,Semester 2,2.7,9.8,1.0,5,82.5,52.6,58.0,1
STU-01860,Rohan Kulkarni,17,Male,11th,Semester 4,6.9,7.8,1.7,7,93.5,83.2,89.4,1
STU-01861,Pooja Sharma,17,Female,12th,Semester 2,4.6,6.7,2.7,7,80.2,61.4,64.1,1
STU-01862,Aaradhya Bhat,14,Female,10th,Semester 4,7.6,8.1,1.3,7,93.5,77.9,76.3,1
STU-01863,Aaryan Das,18,Male,Undergraduate,Semester 2,1.9,6.1,1.0,4,94.5,84.9,65.9,1
STU-01864,Riya Singh,15,Female,10th,Semester 2,2.1,6.7,1.8,5,90.9,65.4,62.3,1
STU-01865,Meera Chouhan,17,Female,12th,Semester 4,2.1,6.8,1.1,5,88.1,66.0,62.9,1
STU-01866,Aanya Chouhan,15,Female,10th,Semester 4,9.1,7.9,5.0,7,91.6,85.8,79.1,1
STU-01867,Advaith Deshmukh,14,Male,10th,Semester 3,1.2,4.5,2.7,2,95.4,60.8,53.8,1
STU-01868,Anushka Mishra,22,Female,Undergraduate,Semester 4,2.8,7.2,3.2,5,79.8,54.9,60.0,1
STU-01869,Dev Mishra,14,Male,10th,Semester 2,2.2,6.7,3.7,4,91.0,61.1,53.7,1
STU-01870,Sneha Joshi,18,Female,11th,Semester 3,0.9,6.7,3.6,3,75.2,46.0,45.9,0
STU-01871,Ananya Banerjee,17,Female,12th,Semester 3,3.4,7.1,3.4,6,94.4,71.1,66.0,1
STU-01872,Sai Iyer,17,Male,12th,Semester 2,1.5,6.0,1.0,4,83.2,68.9,58.0,1
STU-01873,Advaith Banerjee,18,Male,12th,Semester 4,6.4,6.7,1.9,7,81.3,69.8,78.5,1
STU-01874,Aditya Patel,15,Male,9th,Semester 1,4.4,8.2,1.8,7,85.2,72.0,65.7,1
STU-01875,Atharv Reddy,18,Male,12th,Semester 1,5.4,7.2,3.2,7,66.2,62.8,52.3,1
STU-01876,Shaurya Das,18,Male,11th,Semester 4,5.0,7.7,4.9,7,51.9,51.5,50.2,1
STU-01877,Anushka Mishra,21,Female,Undergraduate,Semester 3,3.6,8.4,3.1,6,67.6,74.6,65.6,1
STU-01878,Aarav Bhat,18,Male,11th,Semester 2,6.6,5.7,0.6,7,53.9,77.4,60.6,1
STU-01879,Arjun Mishra,19,Male,Undergraduate,Semester 4,2.3,7.1,1.8,4,65.6,61.3,45.7,0
STU-01880,Dev Singh,18,Male,11th,Semester 2,1.3,9.0,5.5,4,88.4,53.9,51.5,1
STU-01881,Atharv Kulkarni,14,Male,10th,Semester 1,2.8,7.0,7.1,5,85.1,50.9,41.4,0
STU-01882,Ishaan Bose,18,Male,12th,Semester 3,3.3,8.4,1.4,5,78.8,73.2,60.7,1
STU-01883,Advik Nair,14,Male,10th,Semester 2,2.0,7.1,6.7,3,70.5,50.9,52.3,1
STU-01884,Priyanka Chouhan,19,Female,Undergraduate,Semester 1,11.7,5.6,1.5,7,82.6,97.0,95.6,1
STU-01885,Myra Kulkarni,19,Female,Undergraduate,Semester 3,2.3,7.2,3.5,5,78.1,47.9,58.5,1
STU-01886,Shaurya Joshi,15,Male,9th,Semester 4,5.0,6.4,3.3,7,86.7,59.3,67.8,1
STU-01887,Sara Gupta,22,Female,Undergraduate,Semester 3,1.7,6.2,1.5,4,79.5,54.3,49.2,0
STU-01888,Angel Banerjee,15,Female,9th,Semester 1,3.9,6.6,1.9,6,80.1,53.9,58.3,1
STU-01889,Rohan Iyer,15,Male,10th,Semester 2,3.9,6.7,2.8,6,78.4,64.2,57.0,1
STU-01890,Myra Chouhan,18,Female,Undergraduate,Semester 3,1.8,7.6,6.2,4,86.1,68.3,60.3,1
STU-01891,Sai Chouhan,15,Male,9th,Semester 3,7.1,6.9,7.3,7,74.8,78.8,66.0,1
STU-01892,Kabir Verma,15,Male,9th,Semester 4,1.7,6.5,1.7,4,91.0,65.5,63.1,1
STU-01893,Angel Malhotra,18,Female,11th,Semester 4,5.2,7.5,6.0,7,67.2,45.7,57.5,1
STU-01894,Reyansh Kumar,18,Male,12th,Semester 4,7.0,6.8,3.9,7,73.2,71.2,76.0,1
STU-01895,Sara Iyer,14,Female,9th,Semester 2,5.2,6.3,1.8,7,62.9,68.1,52.5,1
STU-01896,Reyansh Chouhan,16,Male,12th,Semester 4,1.7,8.2,3.6,4,72.6,50.2,39.4,0
STU-01897,Pranav Mishra,19,Male,Undergraduate,Semester 2,0.9,7.1,1.0,2,67.0,53.5,58.9,1
STU-01898,Sara Verma,18,Female,11th,Semester 4,4.4,6.5,1.9,6,88.9,74.4,59.8,1
STU-01899,Kabir Kapoor,18,Male,Undergraduate,Semester 3,6.0,8.5,3.2,7,83.4,77.1,62.5,1
STU-01900,Tanvi Choudhury,18,Female,Undergraduate,Semester 3,1.5,7.7,1.5,3,80.7,52.0,56.5,1
STU-01901,Muhammad Verma,16,Male,12th,Semester 3,1.5,5.8,2.2,3,64.9,60.8,54.7,1
STU-01902,Riya Verma,17,Female,11th,Semester 2,2.5,6.7,6.5,5,75.4,40.8,39.9,0
STU-01903,Advaith Sharma,16,Male,12th,Semester 4,2.8,6.6,2.5,4,74.3,64.6,69.8,1
STU-01904,Anika Kulkarni,14,Female,10th,Semester 3,5.2,6.1,0.8,7,48.5,63.7,50.3,1
STU-01905,Priyanka Patel,14,Female,10th,Semester 2,5.7,8.6,4.9,7,92.4,67.0,65.8,1
STU-01906,Ayaan Malhotra,20,Male,Undergraduate,Semester 1,3.8,5.9,1.7,6,97.5,87.7,64.8,1
STU-01907,Ishaan Verma,17,Male,11th,Semester 3,4.1,8.2,0.9,6,70.0,61.7,49.5,0
STU-01908,Priyanka Bose,15,Female,9th,Semester 4,2.9,5.0,4.3,5,87.3,72.1,60.0,1
STU-01909,Isha Patel,22,Female,Undergraduate,Semester 3,4.2,6.9,6.8,6,73.0,58.4,55.3,1
STU-01910,Dev Banerjee,16,Male,9th,Semester 2,5.0,8.0,3.1,7,90.3,68.2,74.1,1
STU-01911,Aarav Kumar,17,Male,12th,Semester 3,5.0,6.9,3.2,7,85.6,62.9,62.8,1
STU-01912,Shaurya Patel,15,Male,9th,Semester 2,12.0,7.4,3.0,7,85.9,89.0,100.0,1
STU-01913,Myra Patel,18,Female,11th,Semester 2,3.1,8.0,4.3,5,90.4,68.1,64.1,1
STU-01914,Priyanka Nair,17,Female,12th,Semester 2,7.1,8.1,1.8,7,78.2,69.6,75.9,1
STU-01915,Advaith Banerjee,18,Male,Undergraduate,Semester 4,3.6,7.3,2.3,5,83.2,69.7,68.1,1
STU-01916,Pari Joshi,16,Female,11th,Semester 3,5.0,7.4,6.1,7,81.5,65.2,63.3,1
STU-01917,Angel Nair,15,Female,9th,Semester 1,2.2,8.8,0.6,5,68.8,63.4,62.5,1
STU-01918,Navya Joshi,16,Female,10th,Semester 4,5.6,9.0,2.4,7,83.7,68.0,70.3,1
STU-01919,Advaith Malhotra,17,Male,12th,Semester 3,1.8,6.4,3.3,3,66.6,47.3,47.8,0
STU-01920,Sara Verma,18,Female,12th,Semester 2,1.3,5.9,3.9,3,74.1,41.0,48.6,0
STU-01921,Priyanka Mehta,16,Female,9th,Semester 1,2.9,7.4,3.6,5,72.5,58.1,57.5,1
STU-01922,Shaurya Rao,22,Male,Undergraduate,Semester 4,2.5,5.8,6.9,4,59.5,37.1,39.3,0
STU-01923,Khushi Patel,18,Female,Undergraduate,Semester 2,2.8,6.7,2.0,4,72.7,55.4,53.9,1
STU-01924,Shaurya Kulkarni,16,Male,11th,Semester 2,3.6,6.9,5.1,5,82.8,70.1,56.9,1
STU-01925,Tara Malhotra,17,Female,11th,Semester 3,0.8,7.7,2.8,2,81.4,54.0,47.7,0
STU-01926,Aditya Choudhury,18,Male,12th,Semester 1,8.2,7.6,3.6,7,64.6,79.7,82.4,1
STU-01927,Reyansh Kapoor,17,Male,11th,Semester 4,2.5,6.5,2.2,4,45.8,51.9,46.9,0
STU-01928,Advik Kulkarni,15,Male,9th,Semester 4,4.4,9.1,4.3,6,82.6,65.3,67.5,1
STU-01929,Myra Kapoor,17,Female,11th,Semester 3,0.9,7.1,1.6,2,91.7,61.2,60.8,1
STU-01930,Myra Kulkarni,19,Female,Undergraduate,Semester 4,4.1,5.9,2.1,7,73.6,65.4,65.6,1
STU-01931,Aditya Patel,15,Male,10th,Semester 1,2.3,6.4,4.4,4,93.5,72.7,65.4,1
STU-01932,Meera Mishra,14,Female,9th,Semester 3,3.1,7.3,2.8,5,73.0,56.9,50.0,1
STU-01933,Muhammad Das,18,Male,11th,Semester 4,5.0,7.9,3.1,7,82.3,80.6,68.7,1
STU-01934,Reyansh Iyer,16,Male,12th,Semester 4,8.3,6.4,0.7,7,86.8,90.2,84.0,1
STU-01935,Diya Rao,16,Female,9th,Semester 1,3.0,6.6,4.0,5,84.6,53.2,51.5,1
STU-01936,Avani Chouhan,16,Female,12th,Semester 3,4.6,6.6,4.2,7,88.6,66.6,65.9,1
STU-01937,Isha Rao,15,Other,10th,Semester 2,7.5,5.5,7.6,7,96.3,84.3,78.4,1
STU-01938,Sai Choudhury,15,Male,9th,Semester 2,1.9,6.4,1.9,3,88.2,56.4,58.4,1
STU-01939,Siddharth Nair,16,Male,9th,Semester 4,3.8,7.0,2.7,7,79.3,58.5,64.1,1
STU-01940,Rohan Choudhury,16,Male,11th,Semester 3,2.6,7.5,1.7,5,79.0,48.3,50.2,1
STU-01941,Myra Choudhury,17,Female,11th,Semester 4,7.8,8.7,5.0,7,70.5,74.2,71.2,1
STU-01942,Pari Gupta,16,Female,10th,Semester 1,5.2,7.8,1.6,7,91.4,73.3,71.7,1
STU-01943,Kabir Iyer,22,Male,Undergraduate,Semester 1,2.8,5.5,3.0,4,40.0,51.8,38.6,0
STU-01944,Angel Kumar,16,Female,9th,Semester 4,1.9,8.2,0.5,4,81.3,54.8,57.1,1
STU-01945,Aditya Reddy,15,Male,9th,Semester 4,10.2,7.9,3.4,7,53.8,77.1,75.3,1
STU-01946,Sara Iyer,21,Female,Undergraduate,Semester 4,1.9,7.4,1.9,4,63.0,63.6,57.7,1
STU-01947,Aaryan Bose,21,Male,Undergraduate,Semester 3,1.9,6.0,0.7,3,94.6,78.8,68.6,1
STU-01948,Navya Verma,19,Female,Undergraduate,Semester 3,4.0,8.1,6.7,7,92.2,67.2,71.8,1
STU-01949,Riya Das,22,Female,Undergraduate,Semester 3,1.2,6.7,2.2,2,56.2,39.7,47.9,0
STU-01950,Angel Deshmukh,14,Female,9th,Semester 3,1.3,7.9,0.5,3,55.4,48.3,40.2,0
STU-01951,Pranav Malhotra,21,Male,Undergraduate,Semester 2,8.8,7.9,0.5,7,90.0,96.3,97.1,1
STU-01952,Pooja Reddy,17,Female,11th,Semester 3,5.4,7.1,6.9,7,74.2,68.3,59.7,1
STU-01953,Advaith Mehta,14,Male,10th,Semester 1,4.1,8.0,6.5,7,93.5,73.0,72.1,1
STU-01954,Dev Banerjee,14,Male,9th,Semester 2,8.0,8.9,3.4,7,56.3,65.8,57.8,1
STU-01955,Shaurya Kumar,18,Male,Undergraduate,Semester 1,3.2,5.9,2.1,5,60.3,63.3,52.9,1
STU-01956,Pooja Kapoor,18,Female,Undergraduate,Semester 1,3.2,7.5,1.5,6,79.7,60.8,57.3,1
STU-01957,Anushka Kapoor,15,Female,9th,Semester 2,1.2,6.4,1.2,2,78.3,46.6,51.9,1
STU-01958,Riya Singh,16,Female,11th,Semester 4,8.0,8.3,3.1,7,64.2,74.3,76.1,1
STU-01959,Sneha Kapoor,18,Female,12th,Semester 3,5.2,7.1,2.8,7,90.1,78.3,77.5,1
STU-01960,Anand Sharma,18,Male,11th,Semester 3,2.6,5.8,2.7,4,84.9,63.6,66.2,1
STU-01961,Anand Nair,16,Male,10th,Semester 3,7.8,5.6,3.0,7,95.1,91.8,74.1,1
STU-01962,Pranav Mishra,16,Male,12th,Semester 2,4.1,7.1,4.2,7,77.1,60.9,70.1,1
STU-01963,Kabir Choudhury,16,Male,10th,Semester 2,8.1,6.3,2.2,7,53.6,67.1,69.7,1
STU-01964,Vihaan Mishra,22,Male,Undergraduate,Semester 1,2.7,6.0,3.5,4,53.8,57.0,49.7,0
STU-01965,Kabir Kapoor,15,Male,10th,Semester 2,2.4,8.7,1.5,4,93.9,77.8,62.2,1
STU-01966,Anika Mishra,16,Female,11th,Semester 2,4.7,7.2,7.7,7,58.6,51.0,51.6,1
STU-01967,Muhammad Singh,18,Male,12th,Semester 3,2.4,6.6,5.3,5,61.9,49.3,43.5,0
STU-01968,Arnav Kapoor,16,Male,11th,Semester 2,2.8,7.3,5.2,4,58.3,59.1,49.5,0
STU-01969,Arnav Nair,16,Male,10th,Semester 1,6.2,5.4,0.7,7,90.5,83.3,71.5,1
STU-01970,Khushi Mehta,18,Female,11th,Semester 1,3.5,7.5,4.6,6,92.4,74.6,66.3,1
STU-01971,Diya Kulkarni,16,Female,10th,Semester 4,2.8,6.8,2.2,4,95.4,64.6,60.5,1
STU-01972,Kabir Mishra,16,Male,11th,Semester 3,3.1,7.8,4.1,6,71.4,60.0,48.7,0
STU-01973,Kabir Kulkarni,18,Male,11th,Semester 1,2.8,7.6,1.5,4,85.1,62.4,57.4,1
STU-01974,Aaryan Rao,18,Male,12th,Semester 4,3.3,8.0,3.7,5,69.1,60.7,49.0,0
STU-01975,Atharv Bhat,15,Male,10th,Semester 3,3.9,6.5,6.9,7,76.0,49.5,50.6,1
STU-01976,Isha Kapoor,14,Other,10th,Semester 1,2.2,6.5,3.4,4,58.3,46.6,45.1,0
STU-01977,Aarav Deshmukh,16,Male,9th,Semester 2,7.9,8.4,3.1,7,40.0,54.2,64.9,1
STU-01978,Advik Deshmukh,17,Male,12th,Semester 2,4.4,7.5,1.8,7,72.8,69.4,66.5,1
STU-01979,Pari Patel,16,Female,11th,Semester 2,3.9,7.1,3.6,7,74.2,74.4,65.4,1
STU-01980,Aditya Iyer,14,Other,9th,Semester 4,2.6,8.3,0.8,5,77.8,73.8,67.9,1
STU-01981,Siddharth Patel,18,Other,11th,Semester 3,2.3,8.0,4.6,4,75.5,51.2,43.1,0
STU-01982,Atharv Joshi,18,Male,11th,Semester 4,2.8,7.7,7.8,4,79.4,56.4,61.7,1
STU-01983,Pranav Banerjee,18,Male,12th,Semester 4,1.9,7.0,2.9,4,69.1,58.4,51.5,1
STU-01984,Siddharth Nair,18,Male,Undergraduate,Semester 2,1.6,8.3,7.5,4,73.8,62.5,41.3,0
STU-01985,Dhruv Joshi,16,Male,10th,Semester 4,1.4,7.3,3.8,3,76.5,62.5,48.2,0
STU-01986,Ayaan Mehta,15,Male,10th,Semester 2,2.2,10.0,3.0,4,70.9,60.3,47.8,0
STU-01987,Vihaan Joshi,18,Male,11th,Semester 3,2.7,6.8,2.7,4,90.0,61.3,52.0,1
STU-01988,Avani Joshi,20,Female,Undergraduate,Semester 4,3.0,8.3,3.2,5,80.0,62.7,63.0,1
STU-01989,Tanvi Iyer,18,Female,12th,Semester 1,6.2,7.1,5.3,7,67.8,65.4,61.6,1
STU-01990,Riya Mishra,20,Female,Undergraduate,Semester 1,12.0,7.2,3.9,7,80.7,99.0,100.0,1
STU-01991,Tanvi Kulkarni,18,Female,11th,Semester 2,4.9,6.6,3.0,7,87.0,65.0,58.6,1
STU-01992,Siddharth Rao,15,Male,10th,Semester 3,3.6,8.3,3.4,5,63.9,63.4,59.8,1
STU-01993,Anand Chouhan,17,Male,12th,Semester 1,5.2,8.1,3.6,7,90.3,66.6,76.1,1
STU-01994,Kavya Kapoor,18,Female,11th,Semester 2,1.5,9.3,3.2,4,70.6,55.7,49.9,0
STU-01995,Muhammad Rao,15,Male,9th,Semester 4,3.2,4.1,5.1,6,93.5,66.1,62.5,1
STU-01996,Advik Banerjee,15,Male,10th,Semester 4,5.7,6.6,3.0,7,47.9,63.7,61.1,1
STU-01997,Angel Sharma,17,Female,11th,Semester 3,7.7,5.4,4.9,7,82.8,77.5,83.8,1
STU-01998,Dev Singh,18,Male,12th,Semester 4,1.4,8.8,2.7,4,91.2,50.3,55.2,1
STU-01999,Advik Chouhan,16,Male,12th,Semester 2,1.6,6.3,4.2,4,83.4,70.1,56.8,1
STU-02000,Saanvi Kapoor,16,Female,10th,Semester 3,2.0,6.6,7.1,4,80.9,64.5,45.0,0
